date,home_team,away_team,home_score,away_score,home_possession_%,away_possession_%,home_shots_on_target,away_shots_on_target,home_shots,away_shots,home_touches,away_touches,home_passes,away_passes,home_tackles,away_tackles,home_clearances,away_clearances,home_corners,away_corners,home_offsides,away_offsides,home_yellow_cards,away_yellow_cards,home_red_cards,away_red_cards,home_fouls_conceded,away_fouls_conceded
08/14/2021,Brentford,Arsenal,2,0,35.3,64.7,3.0,4.0,8.0,22.0,479.0,776.0,309.0,568.0,20.0,9.0,19.0,14.0,2.0,5.0,1.0,1.0,0.0,0.0,0.0,0.0,12.0,8.0
08/14/2021,Burnley,Brighton and Hove Albion,1,2,35.9,64.1,3.0,8.0,14.0,14.0,463.0,705.0,259.0,518.0,16.0,16.0,12.0,27.0,7.0,6.0,1.0,0.0,2.0,1.0,0.0,0.0,10.0,7.0
08/14/2021,Chelsea,Crystal Palace,3,0,61.7,38.3,6.0,1.0,13.0,4.0,834.0,590.0,678.0,423.0,21.0,11.0,8.0,24.0,5.0,2.0,0.0,1.0,0.0,0.0,0.0,0.0,15.0,11.0
08/14/2021,Everton,Southampton,3,1,48.1,51.9,6.0,3.0,14.0,6.0,564.0,581.0,337.0,370.0,23.0,21.0,26.0,22.0,6.0,8.0,0.0,0.0,2.0,0.0,0.0,0.0,13.0,15.0
08/14/2021,Leicester City,Wolverhampton Wanderers,1,0,56.3,43.7,5.0,3.0,9.0,17.0,781.0,645.0,584.0,443.0,15.0,20.0,15.0,16.0,5.0,4.0,5.0,4.0,1.0,2.0,0.0,0.0,6.0,10.0
08/14/2021,Manchester United,Leeds United,5,1,48.6,51.4,8.0,3.0,16.0,10.0,604.0,623.0,422.0,438.0,6.0,23.0,15.0,14.0,5.0,4.0,2.0,3.0,1.0,2.0,0.0,0.0,11.0,9.0
08/15/2021,Newcastle United,West Ham United,2,4,46.4,53.6,3.0,9.0,17.0,18.0,596.0,654.0,401.0,473.0,8.0,23.0,21.0,21.0,7.0,6.0,1.0,2.0,1.0,0.0,0.0,0.0,4.0,3.0
08/14/2021,Norwich City,Liverpool,0,3,0.0,0.0,0.0,0.0,0.0,0.0,0.0,0.0,0.0,0.0,0.0,0.0,0.0,0.0,0.0,0.0,0.0,0.0,0.0,0.0,0.0,0.0,0.0,0.0
08/15/2021,Tottenham Hotspur,Manchester City,1,0,0.0,0.0,0.0,0.0,0.0,0.0,0.0,0.0,0.0,0.0,0.0,0.0,0.0,0.0,0.0,0.0,0.0,0.0,0.0,0.0,0.0,0.0,0.0,0.0
08/14/2021,Watford,Aston Villa,3,2,37.9,62.1,7.0,2.0,13.0,11.0,487.0,702.0,317.0,508.0,15.0,13.0,25.0,6.0,2.0,4.0,0.0,2.0,3.0,1.0,0.0,0.0,18.0,13.0
08/22/2021,Arsenal,Chelsea,0,2,35.0,65.0,3.0,5.0,6.0,22.0,507.0,831.0,335.0,646.0,20.0,11.0,13.0,23.0,9.0,8.0,5.0,0.0,3.0,0.0,0.0,0.0,10.0,4.0
08/21/2021,Aston Villa,Newcastle United,2,0,0.0,0.0,0.0,0.0,0.0,0.0,0.0,0.0,0.0,0.0,0.0,0.0,0.0,0.0,0.0,0.0,0.0,0.0,0.0,0.0,0.0,0.0,0.0,0.0
08/21/2021,Brighton and Hove Albion,Watford,2,0,56.9,43.1,3.0,1.0,13.0,10.0,765.0,626.0,585.0,441.0,19.0,13.0,17.0,25.0,7.0,2.0,1.0,1.0,4.0,0.0,0.0,0.0,11.0,6.0
08/21/2021,Crystal Palace,Brentford,0,0,52.7,47.3,2.0,3.0,7.0,14.0,644.0,578.0,431.0,382.0,15.0,24.0,20.0,11.0,3.0,5.0,1.0,2.0,3.0,1.0,0.0,0.0,12.0,9.0
08/21/2021,Leeds United,Everton,2,2,70.0,30.0,4.0,8.0,17.0,17.0,811.0,457.0,606.0,253.0,19.0,16.0,6.0,25.0,8.0,5.0,0.0,0.0,2.0,4.0,0.0,0.0,6.0,13.0
08/21/2021,Liverpool,Burnley,2,0,66.5,33.5,9.0,3.0,27.0,9.0,736.0,464.0,527.0,263.0,14.0,18.0,25.0,20.0,8.0,4.0,3.0,7.0,0.0,0.0,0.0,0.0,6.0,12.0
08/21/2021,Manchester City,Norwich City,5,0,66.9,33.1,4.0,0.0,16.0,1.0,882.0,513.0,730.0,362.0,14.0,18.0,3.0,25.0,6.0,1.0,2.0,3.0,1.0,0.0,0.0,0.0,13.0,7.0
08/22/2021,Southampton,Manchester United,1,1,36.4,63.6,3.0,4.0,8.0,15.0,496.0,706.0,291.0,520.0,23.0,19.0,22.0,12.0,7.0,7.0,0.0,2.0,2.0,3.0,0.0,0.0,12.0,10.0
08/24/2021,West Ham United,Leicester City,4,1,51.4,48.6,7.0,1.0,19.0,5.0,684.0,650.0,502.0,508.0,15.0,13.0,7.0,25.0,10.0,0.0,2.0,0.0,0.0,1.0,0.0,1.0,8.0,8.0
08/22/2021,Wolverhampton Wanderers,Tottenham Hotspur,0,1,57.8,42.2,6.0,6.0,25.0,8.0,709.0,567.0,470.0,356.0,29.0,18.0,7.0,31.0,5.0,4.0,2.0,0.0,1.0,4.0,0.0,0.0,9.0,7.0
08/28/2021,Aston Villa,Brentford,1,1,46.5,53.5,5.0,2.0,7.0,9.0,541.0,600.0,364.0,435.0,13.0,16.0,15.0,21.0,3.0,2.0,1.0,2.0,3.0,3.0,0.0,0.0,15.0,14.0
08/28/2021,Brighton and Hove Albion,Everton,0,2,65.6,34.4,3.0,5.0,14.0,14.0,814.0,509.0,612.0,315.0,25.0,17.0,14.0,15.0,4.0,5.0,1.0,0.0,1.0,2.0,0.0,0.0,7.0,9.0
08/29/2021,Burnley,Leeds United,1,1,35.9,64.1,3.0,2.0,12.0,12.0,486.0,735.0,291.0,521.0,23.0,17.0,25.0,16.0,5.0,5.0,2.0,2.0,4.0,3.0,0.0,0.0,13.0,9.0
08/28/2021,Liverpool,Chelsea,1,1,65.7,34.3,7.0,3.0,24.0,6.0,908.0,595.0,695.0,370.0,16.0,26.0,8.0,34.0,12.0,3.0,0.0,2.0,0.0,2.0,0.0,1.0,13.0,4.0
08/28/2021,Manchester City,Arsenal,5,0,80.4,19.6,10.0,0.0,25.0,1.0,906.0,323.0,757.0,185.0,14.0,9.0,3.0,31.0,14.0,0.0,1.0,3.0,1.0,2.0,0.0,1.0,5.0,7.0
08/28/2021,Newcastle United,Southampton,2,2,36.3,63.7,5.0,6.0,10.0,22.0,478.0,726.0,293.0,525.0,31.0,15.0,15.0,10.0,4.0,4.0,5.0,0.0,3.0,3.0,0.0,0.0,11.0,6.0
08/28/2021,Norwich City,Leicester City,1,2,44.3,55.7,4.0,3.0,14.0,9.0,562.0,645.0,369.0,471.0,18.0,17.0,17.0,17.0,9.0,9.0,2.0,2.0,2.0,1.0,0.0,0.0,8.0,9.0
08/29/2021,Tottenham Hotspur,Watford,1,0,57.6,42.4,8.0,2.0,15.0,9.0,689.0,564.0,500.0,364.0,19.0,16.0,11.0,36.0,10.0,3.0,2.0,1.0,3.0,3.0,0.0,0.0,8.0,14.0
08/28/2021,West Ham United,Crystal Palace,2,2,45.7,54.3,4.0,2.0,14.0,9.0,570.0,682.0,378.0,462.0,16.0,13.0,13.0,32.0,5.0,3.0,1.0,2.0,1.0,0.0,0.0,0.0,10.0,7.0
08/29/2021,Wolverhampton Wanderers,Manchester United,0,1,44.1,55.9,6.0,3.0,15.0,10.0,599.0,709.0,427.0,552.0,16.0,8.0,20.0,14.0,5.0,7.0,5.0,4.0,3.0,4.0,0.0,0.0,7.0,9.0
09/11/2021,Arsenal,Norwich City,1,0,0.0,0.0,0.0,0.0,0.0,0.0,0.0,0.0,0.0,0.0,0.0,0.0,0.0,0.0,0.0,0.0,0.0,0.0,0.0,0.0,0.0,0.0,0.0,0.0
09/11/2021,Brentford,Brighton and Hove Albion,0,1,41.3,58.7,1.0,2.0,7.0,4.0,527.0,677.0,336.0,496.0,21.0,16.0,17.0,11.0,1.0,5.0,0.0,2.0,3.0,2.0,0.0,0.0,9.0,12.0
09/11/2021,Chelsea,Aston Villa,3,0,56.8,43.2,4.0,6.0,12.0,18.0,688.0,551.0,476.0,344.0,15.0,12.0,40.0,18.0,4.0,11.0,2.0,1.0,1.0,4.0,0.0,0.0,11.0,11.0
09/11/2021,Crystal Palace,Tottenham Hotspur,3,0,62.3,37.7,4.0,1.0,18.0,2.0,702.0,497.0,498.0,314.0,17.0,16.0,13.0,36.0,8.0,2.0,0.0,0.0,2.0,1.0,0.0,1.0,13.0,15.0
09/14/2021,Everton,Burnley,3,1,51.7,48.3,6.0,6.0,14.0,11.0,609.0,563.0,416.0,384.0,10.0,10.0,18.0,10.0,4.0,6.0,2.0,2.0,1.0,1.0,0.0,0.0,3.0,6.0
09/12/2021,Leeds United,Liverpool,0,3,44.1,55.9,4.0,9.0,9.0,30.0,592.0,720.0,404.0,524.0,16.0,8.0,17.0,15.0,2.0,11.0,2.0,4.0,2.0,1.0,1.0,0.0,9.0,8.0
09/11/2021,Leicester City,Manchester City,0,1,39.5,60.5,1.0,8.0,6.0,25.0,543.0,734.0,364.0,557.0,18.0,14.0,21.0,6.0,5.0,8.0,2.0,4.0,1.0,2.0,0.0,0.0,4.0,11.0
09/11/2021,Manchester United,Newcastle United,4,1,0.0,0.0,0.0,0.0,0.0,0.0,0.0,0.0,0.0,0.0,0.0,0.0,0.0,0.0,0.0,0.0,0.0,0.0,0.0,0.0,0.0,0.0,0.0,0.0
09/11/2021,Southampton,West Ham United,0,0,41.8,58.2,3.0,3.0,11.0,13.0,559.0,719.0,390.0,541.0,8.0,14.0,23.0,17.0,5.0,4.0,0.0,2.0,3.0,1.0,0.0,1.0,10.0,12.0
09/11/2021,Watford,Wolverhampton Wanderers,0,2,44.0,56.0,2.0,5.0,6.0,14.0,560.0,680.0,370.0,485.0,20.0,19.0,23.0,18.0,6.0,8.0,1.0,2.0,3.0,3.0,0.0,0.0,15.0,13.0
09/18/2021,Aston Villa,Everton,3,0,55.6,44.4,3.0,1.0,15.0,11.0,573.0,477.0,384.0,310.0,10.0,22.0,9.0,17.0,5.0,4.0,0.0,2.0,1.0,1.0,0.0,0.0,7.0,10.0
09/19/2021,Brighton and Hove Albion,Leicester City,2,1,37.1,62.9,5.0,3.0,12.0,14.0,532.0,742.0,322.0,549.0,19.0,17.0,29.0,11.0,4.0,9.0,3.0,2.0,2.0,1.0,0.0,0.0,8.0,10.0
09/18/2021,Burnley,Arsenal,0,1,45.0,55.0,3.0,3.0,18.0,13.0,604.0,731.0,392.0,523.0,13.0,18.0,15.0,33.0,8.0,3.0,4.0,2.0,2.0,1.0,0.0,0.0,9.0,8.0
09/18/2021,Liverpool,Crystal Palace,3,0,59.9,40.1,10.0,2.0,25.0,13.0,725.0,571.0,490.0,332.0,21.0,24.0,27.0,24.0,10.0,5.0,1.0,3.0,3.0,1.0,0.0,0.0,17.0,11.0
09/18/2021,Manchester City,Southampton,0,0,63.9,36.1,1.0,2.0,16.0,10.0,768.0,499.0,555.0,319.0,13.0,21.0,14.0,23.0,8.0,5.0,4.0,0.0,0.0,2.0,1.0,0.0,5.0,12.0
09/18/2021,Newcastle United,Leeds United,1,1,35.4,64.6,7.0,9.0,17.0,22.0,488.0,745.0,301.0,541.0,17.0,19.0,28.0,14.0,4.0,5.0,1.0,1.0,2.0,2.0,0.0,0.0,9.0,11.0
09/18/2021,Norwich City,Watford,1,3,48.7,51.3,5.0,8.0,12.0,12.0,572.0,582.0,375.0,396.0,17.0,11.0,18.0,14.0,4.0,8.0,1.0,0.0,1.0,1.0,0.0,0.0,10.0,14.0
09/19/2021,Tottenham Hotspur,Chelsea,0,3,47.0,53.0,2.0,10.0,8.0,20.0,671.0,729.0,480.0,525.0,20.0,15.0,23.0,19.0,5.0,11.0,0.0,1.0,0.0,1.0,0.0,0.0,4.0,15.0
09/19/2021,West Ham United,Manchester United,1,2,39.9,60.1,4.0,10.0,13.0,17.0,597.0,814.0,417.0,624.0,14.0,14.0,31.0,18.0,2.0,11.0,2.0,0.0,0.0,0.0,0.0,0.0,5.0,8.0
09/18/2021,Wolverhampton Wanderers,Brentford,0,2,61.9,38.1,0.0,3.0,11.0,9.0,688.0,486.0,519.0,324.0,9.0,15.0,9.0,28.0,4.0,2.0,2.0,2.0,4.0,2.0,0.0,1.0,10.0,7.0
09/26/2021,Arsenal,Tottenham Hotspur,3,1,46.6,53.4,7.0,4.0,12.0,10.0,593.0,664.0,431.0,485.0,22.0,14.0,20.0,8.0,4.0,4.0,2.0,4.0,2.0,1.0,0.0,0.0,12.0,13.0
09/25/2021,Brentford,Liverpool,3,3,32.7,67.3,4.0,6.0,12.0,16.0,449.0,728.0,271.0,561.0,14.0,11.0,31.0,18.0,2.0,11.0,4.0,4.0,1.0,1.0,0.0,0.0,8.0,7.0
09/25/2021,Chelsea,Manchester City,0,1,40.9,59.1,0.0,4.0,5.0,15.0,594.0,781.0,413.0,599.0,13.0,16.0,24.0,17.0,4.0,13.0,3.0,4.0,3.0,2.0,0.0,0.0,12.0,10.0
09/28/2021,Crystal Palace,Brighton and Hove Albion,1,1,0.0,0.0,0.0,0.0,0.0,0.0,0.0,0.0,0.0,0.0,0.0,0.0,0.0,0.0,0.0,0.0,0.0,0.0,0.0,0.0,0.0,0.0,0.0,0.0
09/25/2021,Everton,Norwich City,2,0,46.8,53.2,4.0,2.0,11.0,10.0,591.0,686.0,420.0,487.0,18.0,12.0,15.0,17.0,6.0,4.0,1.0,0.0,2.0,3.0,0.0,0.0,12.0,9.0
09/25/2021,Leeds United,West Ham United,1,2,53.5,46.5,5.0,7.0,15.0,20.0,583.0,528.0,414.0,348.0,16.0,15.0,16.0,12.0,5.0,7.0,2.0,0.0,3.0,2.0,0.0,0.0,10.0,6.0
09/25/2021,Leicester City,Burnley,2,2,67.1,32.9,5.0,3.0,22.0,9.0,775.0,476.0,576.0,286.0,17.0,13.0,13.0,28.0,8.0,3.0,1.0,4.0,2.0,4.0,0.0,0.0,10.0,8.0
09/25/2021,Manchester United,Aston Villa,0,1,59.6,40.4,4.0,3.0,28.0,7.0,603.0,466.0,409.0,271.0,12.0,9.0,21.0,14.0,5.0,5.0,2.0,3.0,2.0,2.0,0.0,0.0,9.0,13.0
09/26/2021,Southampton,Wolverhampton Wanderers,0,1,57.0,43.0,6.0,3.0,18.0,5.0,677.0,567.0,497.0,383.0,13.0,12.0,10.0,34.0,5.0,5.0,3.0,1.0,0.0,0.0,0.0,0.0,12.0,8.0
09/25/2021,Watford,Newcastle United,1,1,52.2,47.8,4.0,6.0,15.0,20.0,558.0,536.0,364.0,335.0,13.0,22.0,13.0,23.0,5.0,6.0,1.0,1.0,4.0,3.0,0.0,0.0,19.0,12.0
10/02/2021,Brighton and Hove Albion,Arsenal,0,0,58.2,41.8,2.0,2.0,21.0,8.0,669.0,531.0,497.0,355.0,16.0,8.0,13.0,18.0,8.0,5.0,1.0,1.0,2.0,1.0,0.0,0.0,8.0,5.0
10/02/2021,Burnley,Norwich City,0,0,56.1,43.9,4.0,2.0,14.0,10.0,651.0,577.0,432.0,356.0,13.0,16.0,17.0,44.0,9.0,5.0,2.0,1.0,5.0,2.0,0.0,0.0,13.0,3.0
10/02/2021,Chelsea,Southampton,3,1,61.6,38.4,9.0,2.0,20.0,6.0,763.0,528.0,546.0,344.0,16.0,24.0,11.0,12.0,7.0,2.0,1.0,0.0,1.0,3.0,0.0,1.0,11.0,13.0
10/03/2021,Crystal Palace,Leicester City,2,2,60.0,40.0,4.0,5.0,18.0,9.0,786.0,586.0,557.0,382.0,16.0,30.0,10.0,27.0,1.0,3.0,2.0,1.0,2.0,3.0,0.0,0.0,15.0,11.0
10/02/2021,Leeds United,Watford,1,0,66.9,33.1,4.0,1.0,20.0,5.0,696.0,452.0,497.0,242.0,14.0,20.0,11.0,34.0,6.0,3.0,0.0,0.0,0.0,3.0,0.0,0.0,10.0,16.0
10/03/2021,Liverpool,Manchester City,2,2,48.5,51.5,4.0,3.0,6.0,12.0,694.0,709.0,501.0,529.0,17.0,11.0,14.0,17.0,3.0,4.0,2.0,5.0,3.0,3.0,0.0,0.0,10.0,12.0
10/02/2021,Manchester United,Everton,1,1,71.8,28.2,6.0,2.0,13.0,12.0,893.0,446.0,700.0,268.0,7.0,20.0,13.0,29.0,10.0,1.0,2.0,2.0,1.0,1.0,0.0,0.0,10.0,9.0
10/03/2021,Tottenham Hotspur,Aston Villa,2,1,56.3,43.7,8.0,3.0,17.0,14.0,659.0,519.0,438.0,318.0,14.0,21.0,37.0,6.0,5.0,8.0,0.0,1.0,2.0,1.0,0.0,0.0,11.0,14.0
10/03/2021,West Ham United,Brentford,1,2,59.9,40.1,5.0,6.0,18.0,13.0,607.0,481.0,424.0,286.0,15.0,5.0,13.0,28.0,10.0,6.0,2.0,1.0,2.0,3.0,0.0,0.0,16.0,13.0
10/02/2021,Wolverhampton Wanderers,Newcastle United,2,1,51.9,48.1,3.0,2.0,7.0,8.0,658.0,597.0,460.0,406.0,25.0,14.0,29.0,4.0,0.0,4.0,2.0,1.0,0.0,2.0,0.0,0.0,15.0,5.0
10/19/2021,Arsenal,Crystal Palace,2,2,0.0,0.0,0.0,0.0,0.0,0.0,0.0,0.0,0.0,0.0,0.0,0.0,0.0,0.0,0.0,0.0,0.0,0.0,0.0,0.0,0.0,0.0,0.0,0.0
10/16/2021,Aston Villa,Wolverhampton Wanderers,2,3,48.3,51.7,5.0,4.0,14.0,9.0,566.0,584.0,391.0,415.0,12.0,7.0,22.0,20.0,6.0,7.0,1.0,2.0,2.0,3.0,0.0,0.0,8.0,17.0
10/16/2021,Brentford,Chelsea,0,1,43.9,56.1,7.0,1.0,17.0,5.0,608.0,751.0,405.0,540.0,16.0,20.0,13.0,41.0,5.0,5.0,1.0,4.0,1.0,1.0,0.0,0.0,13.0,8.0
10/17/2021,Everton,West Ham United,0,1,39.0,61.0,2.0,4.0,15.0,16.0,536.0,739.0,327.0,539.0,19.0,13.0,27.0,15.0,7.0,9.0,0.0,2.0,0.0,2.0,0.0,0.0,3.0,3.0
10/16/2021,Leicester City,Manchester United,4,2,48.8,51.2,11.0,6.0,22.0,18.0,674.0,688.0,499.0,517.0,12.0,14.0,7.0,12.0,4.0,3.0,2.0,3.0,0.0,3.0,0.0,0.0,5.0,17.0
10/16/2021,Manchester City,Burnley,2,0,70.6,29.4,6.0,2.0,15.0,7.0,932.0,482.0,768.0,318.0,11.0,17.0,9.0,22.0,6.0,2.0,0.0,3.0,1.0,0.0,0.0,0.0,11.0,5.0
10/17/2021,Newcastle United,Tottenham Hotspur,2,3,0.0,0.0,0.0,0.0,0.0,0.0,0.0,0.0,0.0,0.0,0.0,0.0,0.0,0.0,0.0,0.0,0.0,0.0,0.0,0.0,0.0,0.0,0.0,0.0
10/16/2021,Norwich City,Brighton and Hove Albion,0,0,35.1,64.9,3.0,3.0,15.0,11.0,498.0,761.0,292.0,569.0,9.0,19.0,17.0,22.0,8.0,4.0,0.0,0.0,3.0,5.0,0.0,0.0,5.0,14.0
10/16/2021,Southampton,Leeds United,1,0,45.3,54.7,5.0,0.0,19.0,3.0,570.0,647.0,362.0,452.0,22.0,21.0,9.0,15.0,8.0,1.0,1.0,2.0,2.0,3.0,0.0,0.0,16.0,14.0
10/16/2021,Watford,Liverpool,0,5,23.8,76.2,2.0,8.0,6.0,19.0,449.0,980.0,252.0,816.0,14.0,18.0,33.0,8.0,1.0,9.0,8.0,2.0,0.0,0.0,0.0,0.0,4.0,10.0
10/23/2021,Arsenal,Aston Villa,3,1,0.0,0.0,0.0,0.0,0.0,0.0,0.0,0.0,0.0,0.0,0.0,0.0,0.0,0.0,0.0,0.0,0.0,0.0,0.0,0.0,0.0,0.0,0.0,0.0
10/24/2021,Brentford,Leicester City,1,2,54.4,45.6,5.0,6.0,15.0,10.0,636.0,587.0,445.0,387.0,20.0,18.0,10.0,41.0,9.0,2.0,3.0,1.0,1.0,1.0,0.0,0.0,13.0,7.0
10/23/2021,Brighton and Hove Albion,Manchester City,1,4,47.7,52.3,5.0,14.0,10.0,23.0,677.0,738.0,501.0,566.0,16.0,7.0,9.0,15.0,7.0,6.0,2.0,1.0,2.0,3.0,0.0,0.0,10.0,6.0
10/23/2021,Chelsea,Norwich City,7,0,61.8,38.2,13.0,1.0,23.0,3.0,785.0,543.0,626.0,380.0,19.0,12.0,4.0,13.0,5.0,0.0,1.0,0.0,0.0,2.0,0.0,1.0,14.0,16.0
10/23/2021,Crystal Palace,Newcastle United,1,1,75.0,25.0,3.0,2.0,15.0,6.0,865.0,420.0,665.0,214.0,11.0,18.0,25.0,35.0,3.0,7.0,2.0,3.0,3.0,4.0,0.0,0.0,13.0,9.0
10/23/2021,Everton,Watford,2,5,50.1,49.9,4.0,8.0,15.0,20.0,612.0,617.0,389.0,388.0,25.0,11.0,28.0,27.0,3.0,5.0,1.0,0.0,4.0,3.0,0.0,0.0,9.0,13.0
10/23/2021,Leeds United,Wolverhampton Wanderers,1,1,63.0,37.0,4.0,4.0,18.0,8.0,717.0,502.0,494.0,293.0,25.0,16.0,12.0,27.0,6.0,3.0,1.0,1.0,2.0,3.0,0.0,0.0,15.0,14.0
10/24/2021,Manchester United,Liverpool,0,5,36.8,63.2,4.0,8.0,12.0,19.0,563.0,871.0,409.0,731.0,5.0,11.0,13.0,19.0,6.0,3.0,7.0,0.0,6.0,0.0,1.0,0.0,10.0,8.0
10/23/2021,Southampton,Burnley,2,2,61.3,38.7,4.0,5.0,16.0,9.0,657.0,475.0,450.0,284.0,11.0,12.0,22.0,17.0,6.0,2.0,1.0,1.0,1.0,3.0,0.0,0.0,10.0,11.0
10/24/2021,West Ham United,Tottenham Hotspur,1,0,37.7,62.3,4.0,4.0,13.0,7.0,569.0,810.0,369.0,637.0,23.0,15.0,16.0,12.0,2.0,4.0,1.0,0.0,2.0,1.0,0.0,0.0,11.0,4.0
10/31/2021,Aston Villa,West Ham United,1,4,42.4,57.6,3.0,8.0,9.0,21.0,517.0,655.0,333.0,459.0,16.0,20.0,11.0,23.0,3.0,6.0,2.0,0.0,1.0,2.0,1.0,0.0,7.0,13.0
10/30/2021,Burnley,Brentford,3,1,40.6,59.4,6.0,5.0,15.0,12.0,556.0,695.0,356.0,521.0,8.0,12.0,29.0,16.0,4.0,2.0,3.0,4.0,1.0,1.0,0.0,0.0,7.0,10.0
10/30/2021,Leicester City,Arsenal,0,2,64.3,35.7,8.0,5.0,16.0,9.0,797.0,516.0,621.0,342.0,11.0,7.0,15.0,26.0,7.0,6.0,2.0,1.0,2.0,0.0,0.0,0.0,8.0,11.0
10/30/2021,Liverpool,Brighton and Hove Albion,2,2,58.4,41.6,3.0,6.0,14.0,9.0,832.0,642.0,641.0,464.0,10.0,20.0,18.0,17.0,5.0,3.0,1.0,5.0,2.0,2.0,0.0,0.0,8.0,5.0
10/30/2021,Manchester City,Crystal Palace,0,2,67.6,32.4,3.0,3.0,14.0,8.0,841.0,514.0,654.0,319.0,16.0,21.0,4.0,29.0,7.0,1.0,2.0,5.0,2.0,3.0,1.0,0.0,11.0,11.0
10/30/2021,Newcastle United,Chelsea,0,3,20.8,79.2,1.0,6.0,6.0,19.0,358.0,927.0,198.0,773.0,10.0,12.0,24.0,10.0,0.0,2.0,1.0,4.0,3.0,2.0,0.0,0.0,14.0,12.0
10/31/2021,Norwich City,Leeds United,1,2,47.9,52.1,3.0,6.0,14.0,13.0,516.0,554.0,310.0,345.0,17.0,21.0,7.0,20.0,5.0,0.0,0.0,0.0,1.0,4.0,0.0,0.0,14.0,23.0
10/30/2021,Tottenham Hotspur,Manchester United,0,3,58.2,41.8,0.0,4.0,9.0,10.0,758.0,610.0,570.0,421.0,19.0,17.0,6.0,27.0,10.0,1.0,4.0,1.0,2.0,3.0,0.0,0.0,12.0,14.0
10/30/2021,Watford,Southampton,0,1,38.7,61.3,4.0,1.0,10.0,12.0,492.0,674.0,297.0,482.0,15.0,15.0,27.0,25.0,5.0,8.0,2.0,0.0,2.0,2.0,0.0,0.0,16.0,6.0
11/02/2021,Wolverhampton Wanderers,Everton,2,1,62.0,38.0,4.0,5.0,10.0,14.0,814.0,573.0,617.0,373.0,15.0,26.0,18.0,13.0,4.0,3.0,1.0,2.0,1.0,1.0,0.0,0.0,10.0,8.0
11/07/2021,Arsenal,Watford,1,0,60.7,39.3,6.0,1.0,14.0,7.0,705.0,503.0,488.0,316.0,22.0,15.0,22.0,22.0,4.0,2.0,3.0,3.0,4.0,2.0,0.0,1.0,6.0,19.0
11/06/2021,Brentford,Norwich City,1,2,64.5,35.5,7.0,5.0,19.0,9.0,774.0,535.0,559.0,313.0,19.0,16.0,10.0,36.0,6.0,2.0,2.0,3.0,2.0,3.0,0.0,0.0,12.0,13.0
11/06/2021,Brighton and Hove Albion,Newcastle United,1,1,65.7,34.3,5.0,1.0,14.0,6.0,824.0,499.0,654.0,326.0,15.0,23.0,23.0,9.0,2.0,5.0,1.0,1.0,3.0,4.0,1.0,0.0,16.0,10.0
11/06/2021,Chelsea,Burnley,1,1,69.9,30.1,4.0,2.0,25.0,5.0,833.0,436.0,660.0,285.0,8.0,17.0,3.0,25.0,14.0,2.0,1.0,4.0,1.0,4.0,0.0,0.0,6.0,9.0
11/06/2021,Crystal Palace,Wolverhampton Wanderers,2,0,59.7,40.3,6.0,2.0,13.0,4.0,772.0,569.0,547.0,360.0,28.0,32.0,12.0,11.0,4.0,6.0,1.0,1.0,2.0,1.0,0.0,0.0,14.0,13.0
11/07/2021,Everton,Tottenham Hotspur,0,0,0.0,0.0,0.0,0.0,0.0,0.0,0.0,0.0,0.0,0.0,0.0,0.0,0.0,0.0,0.0,0.0,0.0,0.0,0.0,0.0,0.0,0.0,0.0,0.0
11/07/2021,Leeds United,Leicester City,1,1,55.8,44.2,5.0,3.0,18.0,9.0,675.0,554.0,431.0,356.0,12.0,33.0,14.0,32.0,10.0,5.0,1.0,2.0,1.0,1.0,0.0,0.0,12.0,5.0
11/06/2021,Manchester United,Manchester City,0,2,32.6,67.4,1.0,5.0,5.0,16.0,547.0,977.0,400.0,832.0,18.0,12.0,22.0,5.0,1.0,9.0,4.0,1.0,1.0,2.0,0.0,0.0,9.0,12.0
11/06/2021,Southampton,Aston Villa,1,0,56.4,43.6,3.0,3.0,9.0,14.0,648.0,527.0,431.0,327.0,14.0,22.0,26.0,20.0,10.0,8.0,0.0,2.0,2.0,2.0,0.0,0.0,12.0,12.0
11/07/2021,West Ham United,Liverpool,3,2,30.9,69.1,3.0,5.0,7.0,16.0,478.0,857.0,299.0,683.0,8.0,6.0,35.0,13.0,3.0,2.0,2.0,0.0,1.0,1.0,0.0,0.0,11.0,6.0
11/20/2021,Aston Villa,Brighton and Hove Albion,2,0,37.0,63.0,5.0,2.0,9.0,6.0,535.0,786.0,352.0,608.0,16.0,16.0,15.0,21.0,5.0,6.0,1.0,0.0,3.0,3.0,0.0,0.0,7.0,13.0
11/20/2021,Burnley,Crystal Palace,3,3,39.5,60.5,9.0,8.0,15.0,18.0,488.0,676.0,311.0,488.0,15.0,6.0,16.0,26.0,3.0,6.0,1.0,0.0,2.0,3.0,0.0,0.0,14.0,15.0
11/20/2021,Leicester City,Chelsea,0,3,38.3,61.7,3.0,7.0,4.0,16.0,553.0,803.0,374.0,607.0,20.0,15.0,11.0,10.0,3.0,5.0,3.0,4.0,3.0,1.0,0.0,0.0,15.0,8.0
11/20/2021,Liverpool,Arsenal,4,0,62.5,37.5,9.0,3.0,19.0,5.0,807.0,556.0,639.0,384.0,14.0,18.0,9.0,18.0,6.0,1.0,2.0,8.0,2.0,0.0,0.0,0.0,15.0,12.0
11/21/2021,Manchester City,Everton,3,0,77.3,22.7,7.0,1.0,17.0,4.0,1035.0,401.0,861.0,247.0,15.0,18.0,7.0,17.0,7.0,1.0,0.0,2.0,1.0,1.0,0.0,0.0,5.0,7.0
11/20/2021,Newcastle United,Brentford,3,3,52.2,47.8,9.0,4.0,23.0,10.0,582.0,541.0,354.0,335.0,13.0,21.0,18.0,35.0,8.0,2.0,0.0,2.0,2.0,2.0,0.0,0.0,13.0,11.0
11/20/2021,Norwich City,Southampton,2,1,0.0,0.0,0.0,0.0,0.0,0.0,0.0,0.0,0.0,0.0,0.0,0.0,0.0,0.0,0.0,0.0,0.0,0.0,0.0,0.0,0.0,0.0,0.0,0.0
11/21/2021,Tottenham Hotspur,Leeds United,2,1,43.2,56.8,4.0,7.0,13.0,18.0,615.0,738.0,392.0,521.0,18.0,20.0,22.0,19.0,4.0,8.0,4.0,1.0,1.0,4.0,0.0,0.0,11.0,12.0
11/20/2021,Watford,Manchester United,4,1,38.7,61.3,7.0,3.0,20.0,9.0,505.0,727.0,335.0,553.0,22.0,13.0,13.0,18.0,8.0,3.0,1.0,4.0,2.0,1.0,0.0,1.0,7.0,5.0
11/20/2021,Wolverhampton Wanderers,West Ham United,1,0,52.4,47.6,5.0,3.0,15.0,8.0,707.0,658.0,530.0,482.0,17.0,12.0,20.0,22.0,7.0,3.0,0.0,1.0,1.0,1.0,0.0,0.0,6.0,9.0
11/27/2021,Arsenal,Newcastle United,2,0,65.6,34.4,6.0,5.0,24.0,9.0,812.0,494.0,646.0,328.0,14.0,13.0,12.0,20.0,4.0,4.0,0.0,3.0,1.0,3.0,0.0,0.0,6.0,12.0
11/28/2021,Brentford,Everton,1,0,39.7,60.3,4.0,5.0,6.0,14.0,560.0,751.0,359.0,536.0,19.0,19.0,18.0,26.0,3.0,3.0,0.0,3.0,4.0,3.0,0.0,0.0,8.0,11.0
11/27/2021,Brighton and Hove Albion,Leeds United,0,0,56.5,43.5,4.0,4.0,20.0,11.0,710.0,582.0,496.0,379.0,11.0,28.0,13.0,18.0,6.0,1.0,2.0,1.0,1.0,3.0,0.0,0.0,12.0,14.0
02/24/2022,Burnley,Tottenham Hotspur,1,0,34.1,65.9,4.0,2.0,15.0,12.0,551.0,835.0,326.0,639.0,11.0,15.0,35.0,15.0,3.0,7.0,3.0,2.0,0.0,0.0,0.0,0.0,8.0,8.0
11/28/2021,Chelsea,Manchester United,1,1,65.7,34.3,6.0,2.0,24.0,3.0,799.0,517.0,586.0,318.0,16.0,21.0,6.0,38.0,15.0,2.0,2.0,1.0,2.0,5.0,0.0,0.0,13.0,14.0
11/27/2021,Crystal Palace,Aston Villa,1,2,63.3,36.7,3.0,3.0,8.0,10.0,770.0,533.0,577.0,340.0,20.0,24.0,6.0,25.0,7.0,3.0,1.0,0.0,3.0,3.0,0.0,1.0,12.0,10.0
11/28/2021,Leicester City,Watford,4,2,56.7,43.3,8.0,5.0,18.0,17.0,621.0,496.0,410.0,303.0,22.0,14.0,17.0,12.0,8.0,6.0,5.0,2.0,0.0,0.0,0.0,0.0,5.0,20.0
11/27/2021,Liverpool,Southampton,4,0,64.5,35.5,6.0,3.0,20.0,7.0,816.0,523.0,613.0,338.0,13.0,16.0,24.0,30.0,5.0,7.0,2.0,2.0,0.0,1.0,0.0,0.0,7.0,14.0
11/28/2021,Manchester City,West Ham United,2,1,68.5,31.5,9.0,3.0,19.0,5.0,895.0,494.0,728.0,330.0,15.0,16.0,11.0,18.0,8.0,4.0,4.0,4.0,2.0,0.0,0.0,0.0,7.0,6.0
11/27/2021,Norwich City,Wolverhampton Wanderers,0,0,43.1,56.9,4.0,2.0,14.0,5.0,632.0,779.0,443.0,601.0,23.0,21.0,13.0,15.0,4.0,3.0,1.0,0.0,2.0,2.0,0.0,0.0,11.0,10.0
12/02/2021,Aston Villa,Manchester City,1,2,0.0,0.0,0.0,0.0,0.0,0.0,0.0,0.0,0.0,0.0,0.0,0.0,0.0,0.0,0.0,0.0,0.0,0.0,0.0,0.0,0.0,0.0,0.0,0.0
12/02/2021,Everton,Liverpool,1,4,31.3,68.7,2.0,7.0,8.0,16.0,463.0,768.0,269.0,599.0,9.0,15.0,18.0,14.0,3.0,11.0,3.0,1.0,4.0,3.0,0.0,0.0,8.0,16.0
12/01/2021,Leeds United,Crystal Palace,1,0,61.9,38.1,3.0,1.0,15.0,9.0,677.0,522.0,474.0,286.0,23.0,21.0,18.0,17.0,7.0,4.0,2.0,0.0,5.0,3.0,0.0,0.0,15.0,15.0
12/03/2021,Manchester United,Arsenal,3,2,44.5,55.5,10.0,8.0,14.0,17.0,584.0,698.0,431.0,526.0,18.0,10.0,18.0,14.0,3.0,8.0,0.0,1.0,1.0,0.0,0.0,0.0,9.0,10.0
12/02/2021,Watford,Chelsea,1,2,49.8,50.2,6.0,4.0,14.0,8.0,614.0,641.0,399.0,422.0,10.0,12.0,9.0,40.0,6.0,0.0,3.0,5.0,4.0,3.0,0.0,0.0,18.0,16.0
12/02/2021,West Ham United,Brighton and Hove Albion,1,1,0.0,0.0,0.0,0.0,0.0,0.0,0.0,0.0,0.0,0.0,0.0,0.0,0.0,0.0,0.0,0.0,0.0,0.0,0.0,0.0,0.0,0.0,0.0,0.0
12/02/2021,Wolverhampton Wanderers,Burnley,0,0,65.2,34.8,2.0,1.0,16.0,6.0,797.0,504.0,589.0,306.0,14.0,19.0,18.0,37.0,5.0,5.0,1.0,3.0,2.0,3.0,0.0,0.0,5.0,7.0
12/01/2021,Newcastle United,Norwich City,1,1,0.0,0.0,0.0,0.0,0.0,0.0,0.0,0.0,0.0,0.0,0.0,0.0,0.0,0.0,0.0,0.0,0.0,0.0,0.0,0.0,0.0,0.0,0.0,0.0
12/02/2021,Southampton,Leicester City,2,2,0.0,0.0,0.0,0.0,0.0,0.0,0.0,0.0,0.0,0.0,0.0,0.0,0.0,0.0,0.0,0.0,0.0,0.0,0.0,0.0,0.0,0.0,0.0,0.0
12/03/2021,Tottenham Hotspur,Brentford,2,0,0.0,0.0,0.0,0.0,0.0,0.0,0.0,0.0,0.0,0.0,0.0,0.0,0.0,0.0,0.0,0.0,0.0,0.0,0.0,0.0,0.0,0.0,0.0,0.0
12/05/2021,Aston Villa,Leicester City,2,1,0.0,0.0,0.0,0.0,0.0,0.0,0.0,0.0,0.0,0.0,0.0,0.0,0.0,0.0,0.0,0.0,0.0,0.0,0.0,0.0,0.0,0.0,0.0,0.0
12/07/2021,Everton,Arsenal,2,1,36.1,63.9,5.0,3.0,11.0,10.0,519.0,763.0,329.0,588.0,13.0,19.0,12.0,13.0,3.0,3.0,5.0,1.0,2.0,2.0,0.0,0.0,8.0,12.0
12/05/2021,Leeds United,Brentford,2,2,63.1,36.9,6.0,3.0,13.0,9.0,716.0,499.0,510.0,308.0,18.0,18.0,18.0,28.0,5.0,1.0,7.0,0.0,5.0,3.0,0.0,0.0,11.0,9.0
12/05/2021,Manchester United,Crystal Palace,1,0,61.3,38.7,3.0,2.0,16.0,8.0,735.0,529.0,530.0,331.0,24.0,23.0,14.0,22.0,9.0,6.0,3.0,0.0,2.0,2.0,0.0,0.0,16.0,9.0
12/04/2021,Newcastle United,Burnley,1,0,47.8,52.2,4.0,1.0,19.0,10.0,501.0,543.0,322.0,356.0,13.0,15.0,24.0,20.0,10.0,3.0,0.0,1.0,1.0,1.0,0.0,0.0,11.0,9.0
12/04/2021,Southampton,Brighton and Hove Albion,1,1,44.4,55.6,4.0,4.0,14.0,14.0,518.0,604.0,314.0,410.0,12.0,21.0,16.0,22.0,6.0,2.0,0.0,0.0,4.0,2.0,0.0,0.0,15.0,12.0
12/05/2021,Tottenham Hotspur,Norwich City,3,0,40.8,59.2,7.0,1.0,17.0,10.0,619.0,835.0,459.0,667.0,10.0,18.0,27.0,6.0,6.0,4.0,2.0,4.0,1.0,2.0,0.0,0.0,11.0,4.0
12/04/2021,Watford,Manchester City,1,3,22.9,77.1,4.0,13.0,11.0,26.0,399.0,1013.0,239.0,830.0,15.0,15.0,19.0,7.0,5.0,11.0,0.0,1.0,3.0,0.0,0.0,0.0,11.0,7.0
12/04/2021,West Ham United,Chelsea,3,2,36.2,63.8,5.0,7.0,11.0,19.0,511.0,759.0,335.0,588.0,13.0,6.0,27.0,9.0,1.0,9.0,3.0,1.0,1.0,3.0,0.0,0.0,10.0,10.0
12/04/2021,Wolverhampton Wanderers,Liverpool,0,1,0.0,0.0,0.0,0.0,0.0,0.0,0.0,0.0,0.0,0.0,0.0,0.0,0.0,0.0,0.0,0.0,0.0,0.0,0.0,0.0,0.0,0.0,0.0,0.0
12/11/2021,Arsenal,Southampton,3,0,0.0,0.0,0.0,0.0,0.0,0.0,0.0,0.0,0.0,0.0,0.0,0.0,0.0,0.0,0.0,0.0,0.0,0.0,0.0,0.0,0.0,0.0,0.0,0.0
12/11/2021,Brentford,Watford,2,1,63.4,36.6,5.0,2.0,14.0,6.0,671.0,476.0,472.0,281.0,20.0,17.0,9.0,35.0,8.0,2.0,1.0,0.0,4.0,0.0,0.0,0.0,12.0,18.0
03/17/2022,Brighton and Hove Albion,Tottenham Hotspur,0,2,48.2,51.8,0.0,7.0,15.0,17.0,676.0,727.0,496.0,551.0,16.0,11.0,12.0,22.0,6.0,3.0,3.0,1.0,2.0,2.0,0.0,0.0,11.0,9.0
12/12/2021,Burnley,West Ham United,0,0,40.1,59.9,1.0,3.0,9.0,16.0,487.0,650.0,310.0,471.0,19.0,10.0,29.0,14.0,6.0,14.0,1.0,1.0,2.0,1.0,0.0,0.0,13.0,11.0
12/11/2021,Chelsea,Leeds United,3,2,57.8,42.2,6.0,5.0,16.0,12.0,638.0,493.0,415.0,304.0,18.0,23.0,12.0,13.0,5.0,2.0,1.0,4.0,2.0,5.0,0.0,0.0,9.0,15.0
12/12/2021,Crystal Palace,Everton,3,1,61.2,38.8,6.0,6.0,17.0,12.0,709.0,513.0,487.0,306.0,15.0,25.0,19.0,25.0,8.0,2.0,1.0,0.0,0.0,2.0,0.0,0.0,15.0,14.0
12/12/2021,Leicester City,Newcastle United,4,0,47.3,52.7,5.0,3.0,8.0,12.0,589.0,621.0,400.0,431.0,20.0,26.0,26.0,12.0,4.0,6.0,0.0,1.0,2.0,3.0,0.0,0.0,9.0,16.0
12/11/2021,Liverpool,Aston Villa,1,0,62.3,37.7,5.0,0.0,20.0,4.0,766.0,549.0,551.0,329.0,17.0,21.0,19.0,23.0,11.0,3.0,2.0,1.0,1.0,2.0,0.0,0.0,13.0,6.0
12/11/2021,Manchester City,Wolverhampton Wanderers,1,0,71.0,29.0,10.0,1.0,24.0,2.0,917.0,499.0,746.0,310.0,11.0,14.0,1.0,29.0,14.0,1.0,1.0,0.0,3.0,2.0,0.0,1.0,12.0,5.0
12/11/2021,Norwich City,Manchester United,0,1,47.2,52.8,5.0,5.0,11.0,13.0,651.0,688.0,440.0,501.0,9.0,21.0,23.0,21.0,8.0,6.0,0.0,1.0,1.0,1.0,0.0,0.0,6.0,17.0
12/16/2021,Arsenal,West Ham United,2,0,56.2,43.8,8.0,1.0,21.0,7.0,680.0,589.0,501.0,387.0,22.0,18.0,19.0,21.0,5.0,2.0,0.0,0.0,2.0,0.0,0.0,1.0,9.0,9.0
01/20/2022,Brentford,Manchester United,1,3,43.7,56.3,9.0,5.0,18.0,13.0,604.0,727.0,405.0,519.0,17.0,19.0,30.0,35.0,6.0,9.0,3.0,0.0,0.0,0.0,0.0,0.0,7.0,9.0
12/16/2021,Brighton and Hove Albion,Wolverhampton Wanderers,0,1,59.3,40.7,2.0,5.0,12.0,8.0,724.0,550.0,524.0,365.0,16.0,17.0,10.0,22.0,7.0,4.0,1.0,1.0,2.0,0.0,0.0,0.0,11.0,15.0
02/05/2022,Burnley,Watford,0,0,51.6,48.4,2.0,5.0,13.0,11.0,595.0,581.0,391.0,359.0,14.0,16.0,21.0,28.0,4.0,7.0,3.0,0.0,1.0,2.0,0.0,0.0,16.0,9.0
12/16/2021,Crystal Palace,Southampton,2,2,59.7,40.3,6.0,4.0,9.0,15.0,679.0,529.0,448.0,299.0,20.0,24.0,30.0,24.0,4.0,6.0,1.0,3.0,2.0,4.0,0.0,0.0,16.0,20.0
01/20/2022,Leicester City,Tottenham Hotspur,2,3,0.0,0.0,0.0,0.0,0.0,0.0,0.0,0.0,0.0,0.0,0.0,0.0,0.0,0.0,0.0,0.0,0.0,0.0,0.0,0.0,0.0,0.0,0.0,0.0
12/15/2021,Norwich City,Aston Villa,0,2,50.2,49.8,3.0,6.0,7.0,17.0,651.0,648.0,451.0,447.0,23.0,17.0,27.0,16.0,7.0,10.0,0.0,0.0,3.0,1.0,0.0,0.0,12.0,9.0
12/17/2021,Chelsea,Everton,1,1,80.1,19.9,10.0,3.0,23.0,5.0,978.0,355.0,777.0,194.0,11.0,19.0,7.0,22.0,7.0,1.0,0.0,2.0,2.0,3.0,0.0,0.0,11.0,11.0
12/17/2021,Liverpool,Newcastle United,3,1,74.2,25.8,8.0,3.0,23.0,5.0,900.0,433.0,738.0,258.0,12.0,24.0,3.0,28.0,11.0,0.0,2.0,1.0,1.0,3.0,0.0,0.0,9.0,4.0
12/15/2021,Manchester City,Leeds United,7,0,0.0,0.0,0.0,0.0,0.0,0.0,0.0,0.0,0.0,0.0,0.0,0.0,0.0,0.0,0.0,0.0,0.0,0.0,0.0,0.0,0.0,0.0,0.0,0.0
05/20/2022,Aston Villa,Burnley,1,1,71.3,28.7,9.0,5.0,22.0,10.0,784.0,389.0,587.0,231.0,16.0,11.0,20.0,27.0,13.0,6.0,1.0,0.0,0.0,1.0,0.0,1.0,11.0,20.0
04/21/2022,Everton,Leicester City,1,1,36.7,63.3,3.0,3.0,13.0,11.0,548.0,786.0,353.0,631.0,14.0,11.0,13.0,15.0,5.0,4.0,0.0,1.0,4.0,2.0,0.0,0.0,8.0,17.0
12/18/2021,Leeds United,Arsenal,1,4,50.9,49.1,2.0,12.0,9.0,21.0,582.0,555.0,405.0,392.0,14.0,13.0,15.0,8.0,1.0,4.0,0.0,1.0,3.0,1.0,0.0,0.0,11.0,7.0
02/16/2022,Manchester United,Brighton and Hove Albion,2,0,50.0,50.0,7.0,3.0,19.0,10.0,696.0,728.0,512.0,516.0,18.0,17.0,14.0,17.0,10.0,2.0,1.0,1.0,3.0,1.0,0.0,1.0,8.0,10.0
12/19/2021,Newcastle United,Manchester City,0,4,28.1,71.9,1.0,7.0,5.0,18.0,424.0,861.0,265.0,709.0,13.0,21.0,16.0,9.0,3.0,6.0,4.0,2.0,1.0,2.0,0.0,0.0,9.0,6.0
01/12/2022,Southampton,Brentford,4,1,48.9,51.1,6.0,4.0,12.0,5.0,598.0,619.0,407.0,428.0,16.0,15.0,20.0,14.0,5.0,2.0,0.0,1.0,0.0,1.0,0.0,0.0,9.0,8.0
12/19/2021,Tottenham Hotspur,Liverpool,2,2,0.0,0.0,0.0,0.0,0.0,0.0,0.0,0.0,0.0,0.0,0.0,0.0,0.0,0.0,0.0,0.0,0.0,0.0,0.0,0.0,0.0,0.0,0.0,0.0
02/24/2022,Watford,Crystal Palace,1,4,45.3,54.7,1.0,5.0,8.0,7.0,623.0,743.0,456.0,556.0,11.0,23.0,13.0,20.0,6.0,4.0,2.0,1.0,2.0,1.0,0.0,0.0,12.0,9.0
01/13/2022,West Ham United,Norwich City,2,0,61.6,38.4,5.0,3.0,13.0,7.0,724.0,492.0,550.0,337.0,8.0,15.0,13.0,13.0,11.0,2.0,4.0,3.0,0.0,0.0,0.0,0.0,9.0,8.0
12/19/2021,Wolverhampton Wanderers,Chelsea,0,0,36.9,63.1,1.0,1.0,4.0,8.0,617.0,936.0,433.0,739.0,17.0,16.0,26.0,18.0,4.0,9.0,2.0,4.0,0.0,2.0,0.0,0.0,9.0,7.0
12/26/2021,Aston Villa,Chelsea,1,3,42.1,57.9,1.0,4.0,8.0,10.0,624.0,800.0,446.0,609.0,17.0,17.0,22.0,18.0,2.0,5.0,2.0,2.0,3.0,1.0,0.0,0.0,8.0,11.0
12/27/2021,Brighton and Hove Albion,Brentford,2,0,50.4,49.6,5.0,6.0,15.0,16.0,685.0,654.0,467.0,450.0,13.0,16.0,23.0,21.0,6.0,9.0,2.0,3.0,1.0,3.0,0.0,0.0,8.0,10.0
04/07/2022,Burnley,Everton,3,2,50.9,49.1,4.0,4.0,13.0,16.0,581.0,543.0,337.0,324.0,11.0,19.0,27.0,35.0,9.0,6.0,1.0,0.0,2.0,2.0,0.0,0.0,11.0,16.0
02/24/2022,Liverpool,Leeds United,6,0,0.0,0.0,0.0,0.0,0.0,0.0,0.0,0.0,0.0,0.0,0.0,0.0,0.0,0.0,0.0,0.0,0.0,0.0,0.0,0.0,0.0,0.0,0.0,0.0
12/26/2021,Manchester City,Leicester City,6,3,0.0,0.0,0.0,0.0,0.0,0.0,0.0,0.0,0.0,0.0,0.0,0.0,0.0,0.0,0.0,0.0,0.0,0.0,0.0,0.0,0.0,0.0,0.0,0.0
12/28/2021,Newcastle United,Manchester United,1,1,0.0,0.0,0.0,0.0,0.0,0.0,0.0,0.0,0.0,0.0,0.0,0.0,0.0,0.0,0.0,0.0,0.0,0.0,0.0,0.0,0.0,0.0,0.0,0.0
12/26/2021,Norwich City,Arsenal,0,5,35.2,64.8,2.0,6.0,4.0,16.0,465.0,755.0,314.0,585.0,17.0,13.0,12.0,9.0,3.0,4.0,3.0,2.0,1.0,2.0,0.0,0.0,13.0,7.0
12/26/2021,Tottenham Hotspur,Crystal Palace,3,0,59.7,40.3,6.0,0.0,17.0,4.0,780.0,571.0,602.0,406.0,23.0,18.0,9.0,7.0,4.0,2.0,1.0,0.0,1.0,1.0,0.0,1.0,16.0,9.0
12/26/2021,West Ham United,Southampton,2,3,0.0,0.0,0.0,0.0,0.0,0.0,0.0,0.0,0.0,0.0,0.0,0.0,0.0,0.0,0.0,0.0,0.0,0.0,0.0,0.0,0.0,0.0,0.0,0.0
03/11/2022,Wolverhampton Wanderers,Watford,4,0,65.8,34.2,5.0,0.0,10.0,9.0,822.0,491.0,666.0,343.0,10.0,13.0,8.0,17.0,5.0,2.0,1.0,4.0,2.0,2.0,0.0,0.0,11.0,10.0
02/25/2022,Arsenal,Wolverhampton Wanderers,2,1,0.0,0.0,0.0,0.0,0.0,0.0,0.0,0.0,0.0,0.0,0.0,0.0,0.0,0.0,0.0,0.0,0.0,0.0,0.0,0.0,0.0,0.0,0.0,0.0
12/30/2021,Brentford,Manchester City,0,1,23.7,76.3,2.0,3.0,6.0,12.0,357.0,872.0,217.0,716.0,17.0,11.0,17.0,10.0,3.0,5.0,0.0,3.0,0.0,0.0,0.0,0.0,12.0,10.0
12/30/2021,Chelsea,Brighton and Hove Albion,1,1,47.7,52.3,5.0,6.0,11.0,18.0,640.0,708.0,430.0,473.0,23.0,23.0,26.0,19.0,10.0,8.0,1.0,0.0,4.0,1.0,0.0,0.0,14.0,7.0
12/28/2021,Crystal Palace,Norwich City,3,0,50.9,49.1,6.0,3.0,19.0,12.0,598.0,576.0,391.0,376.0,26.0,16.0,14.0,23.0,8.0,8.0,1.0,3.0,1.0,2.0,0.0,0.0,9.0,13.0
03/18/2022,Everton,Newcastle United,1,0,38.3,61.7,3.0,6.0,9.0,17.0,466.0,643.0,276.0,447.0,18.0,15.0,28.0,11.0,5.0,7.0,1.0,1.0,2.0,1.0,1.0,0.0,13.0,11.0
03/11/2022,Leeds United,Aston Villa,0,3,0.0,0.0,0.0,0.0,0.0,0.0,0.0,0.0,0.0,0.0,0.0,0.0,0.0,0.0,0.0,0.0,0.0,0.0,0.0,0.0,0.0,0.0,0.0,0.0
12/29/2021,Leicester City,Liverpool,1,0,36.6,63.4,1.0,4.0,6.0,21.0,570.0,797.0,358.0,588.0,17.0,15.0,38.0,6.0,1.0,12.0,3.0,1.0,0.0,1.0,0.0,0.0,8.0,11.0
12/31/2021,Manchester United,Burnley,3,1,0.0,0.0,0.0,0.0,0.0,0.0,0.0,0.0,0.0,0.0,0.0,0.0,0.0,0.0,0.0,0.0,0.0,0.0,0.0,0.0,0.0,0.0,0.0,0.0
12/28/2021,Southampton,Tottenham Hotspur,1,1,34.6,65.4,2.0,11.0,9.0,21.0,461.0,731.0,290.0,536.0,15.0,9.0,26.0,13.0,3.0,7.0,3.0,3.0,2.0,2.0,1.0,0.0,15.0,5.0
12/28/2021,Watford,West Ham United,1,4,43.0,57.0,5.0,6.0,14.0,13.0,536.0,614.0,316.0,423.0,16.0,15.0,20.0,15.0,4.0,5.0,0.0,1.0,0.0,1.0,0.0,0.0,12.0,12.0
01/01/2022,Arsenal,Manchester City,1,2,28.8,71.2,2.0,2.0,7.0,15.0,397.0,809.0,249.0,644.0,16.0,14.0,15.0,23.0,5.0,5.0,1.0,2.0,3.0,2.0,1.0,0.0,13.0,5.0
01/02/2022,Brentford,Aston Villa,2,1,45.4,54.6,4.0,5.0,10.0,16.0,572.0,669.0,400.0,491.0,20.0,11.0,19.0,12.0,3.0,7.0,0.0,4.0,2.0,2.0,0.0,0.0,17.0,11.0
01/02/2022,Chelsea,Liverpool,2,2,55.3,44.7,6.0,6.0,15.0,10.0,782.0,653.0,574.0,463.0,19.0,12.0,16.0,20.0,6.0,7.0,3.0,3.0,1.0,2.0,0.0,0.0,5.0,13.0
01/01/2022,Crystal Palace,West Ham United,2,3,62.7,37.3,6.0,5.0,22.0,10.0,799.0,547.0,558.0,339.0,15.0,31.0,17.0,37.0,9.0,1.0,0.0,2.0,0.0,2.0,0.0,0.0,6.0,16.0
01/02/2022,Everton,Brighton and Hove Albion,2,3,49.9,50.1,6.0,5.0,17.0,12.0,622.0,620.0,399.0,425.0,17.0,25.0,11.0,33.0,8.0,5.0,1.0,1.0,1.0,1.0,0.0,0.0,5.0,12.0
01/02/2022,Leeds United,Burnley,3,1,55.3,44.7,7.0,2.0,22.0,8.0,574.0,486.0,360.0,297.0,18.0,14.0,21.0,17.0,9.0,3.0,5.0,1.0,2.0,1.0,0.0,0.0,11.0,7.0
05/12/2022,Leicester City,Norwich City,3,0,64.9,35.1,8.0,5.0,20.0,9.0,844.0,557.0,640.0,354.0,24.0,19.0,11.0,32.0,10.0,2.0,1.0,0.0,0.0,0.0,0.0,0.0,10.0,5.0
01/03/2022,Manchester United,Wolverhampton Wanderers,0,1,51.3,48.7,2.0,6.0,9.0,19.0,685.0,659.0,488.0,457.0,17.0,13.0,14.0,18.0,3.0,8.0,2.0,3.0,3.0,1.0,0.0,0.0,9.0,8.0
03/11/2022,Southampton,Newcastle United,1,2,67.8,32.2,5.0,4.0,14.0,8.0,858.0,509.0,648.0,306.0,15.0,21.0,13.0,28.0,12.0,5.0,1.0,1.0,1.0,1.0,0.0,0.0,6.0,7.0
01/01/2022,Watford,Tottenham Hotspur,0,1,25.8,74.2,4.0,9.0,6.0,21.0,446.0,912.0,251.0,715.0,16.0,16.0,40.0,10.0,3.0,7.0,1.0,3.0,0.0,1.0,0.0,0.0,6.0,9.0
01/15/2022,Aston Villa,Manchester United,2,2,0.0,0.0,0.0,0.0,0.0,0.0,0.0,0.0,0.0,0.0,0.0,0.0,0.0,0.0,0.0,0.0,0.0,0.0,0.0,0.0,0.0,0.0,0.0,0.0
01/15/2022,Brighton and Hove Albion,Crystal Palace,1,1,63.3,36.7,4.0,1.0,19.0,3.0,763.0,536.0,569.0,337.0,21.0,17.0,10.0,24.0,9.0,0.0,1.0,2.0,0.0,2.0,0.0,0.0,11.0,7.0
03/02/2022,Burnley,Leicester City,0,2,44.8,55.2,2.0,6.0,9.0,22.0,573.0,648.0,352.0,443.0,20.0,12.0,15.0,27.0,6.0,8.0,4.0,3.0,1.0,1.0,0.0,0.0,10.0,13.0
01/16/2022,Liverpool,Brentford,3,0,68.3,31.7,13.0,1.0,27.0,6.0,905.0,525.0,712.0,340.0,9.0,21.0,5.0,32.0,9.0,0.0,2.0,7.0,0.0,1.0,0.0,0.0,6.0,6.0
01/15/2022,Manchester City,Chelsea,1,0,55.7,44.3,6.0,1.0,11.0,4.0,741.0,639.0,579.0,459.0,8.0,22.0,8.0,24.0,9.0,1.0,3.0,4.0,0.0,2.0,0.0,0.0,11.0,6.0
01/15/2022,Newcastle United,Watford,1,1,52.0,48.0,1.0,5.0,12.0,18.0,617.0,601.0,407.0,381.0,27.0,19.0,10.0,28.0,4.0,6.0,1.0,1.0,3.0,2.0,0.0,0.0,13.0,13.0
01/15/2022,Norwich City,Everton,2,1,40.4,59.6,3.0,5.0,14.0,12.0,511.0,640.0,284.0,435.0,18.0,18.0,30.0,20.0,8.0,8.0,3.0,1.0,3.0,1.0,0.0,0.0,12.0,14.0
05/13/2022,Tottenham Hotspur,Arsenal,3,0,57.6,42.4,6.0,5.0,16.0,9.0,716.0,547.0,561.0,412.0,16.0,6.0,11.0,11.0,2.0,2.0,1.0,0.0,1.0,3.0,0.0,1.0,8.0,15.0
01/16/2022,West Ham United,Leeds United,2,3,47.4,52.6,5.0,5.0,15.0,18.0,602.0,652.0,386.0,442.0,22.0,23.0,11.0,21.0,4.0,3.0,1.0,1.0,3.0,2.0,0.0,0.0,6.0,9.0
01/15/2022,Wolverhampton Wanderers,Southampton,3,1,42.7,57.3,5.0,10.0,9.0,13.0,537.0,628.0,327.0,437.0,23.0,10.0,29.0,8.0,2.0,10.0,2.0,1.0,2.0,3.0,0.0,0.0,13.0,14.0
01/23/2022,Arsenal,Burnley,0,0,75.6,24.4,5.0,1.0,20.0,10.0,823.0,377.0,643.0,211.0,7.0,18.0,19.0,42.0,12.0,4.0,0.0,2.0,0.0,2.0,0.0,0.0,9.0,13.0
01/23/2022,Chelsea,Tottenham Hotspur,2,0,64.6,35.4,7.0,3.0,15.0,6.0,779.0,520.0,606.0,341.0,15.0,14.0,12.0,26.0,10.0,3.0,0.0,1.0,2.0,1.0,0.0,0.0,17.0,14.0
01/23/2022,Crystal Palace,Liverpool,1,3,43.4,56.6,5.0,7.0,8.0,14.0,611.0,747.0,431.0,576.0,13.0,7.0,25.0,11.0,2.0,5.0,5.0,2.0,4.0,1.0,0.0,0.0,12.0,10.0
01/22/2022,Everton,Aston Villa,0,1,49.6,50.4,1.0,3.0,15.0,8.0,555.0,575.0,338.0,361.0,24.0,26.0,7.0,15.0,9.0,2.0,3.0,1.0,5.0,4.0,0.0,0.0,14.0,16.0
01/22/2022,Leeds United,Newcastle United,0,1,63.0,37.0,4.0,3.0,13.0,15.0,676.0,494.0,477.0,277.0,21.0,18.0,20.0,28.0,6.0,7.0,0.0,0.0,4.0,2.0,0.0,0.0,9.0,9.0
01/23/2022,Leicester City,Brighton and Hove Albion,1,1,43.8,56.2,5.0,5.0,15.0,14.0,675.0,787.0,460.0,577.0,18.0,22.0,30.0,13.0,4.0,5.0,3.0,3.0,0.0,1.0,0.0,0.0,6.0,8.0
01/22/2022,Manchester United,West Ham United,1,0,56.9,43.1,3.0,1.0,18.0,6.0,731.0,589.0,548.0,413.0,17.0,9.0,15.0,13.0,3.0,3.0,4.0,1.0,1.0,1.0,0.0,0.0,9.0,8.0
01/22/2022,Southampton,Manchester City,1,1,25.8,74.2,3.0,5.0,7.0,20.0,478.0,979.0,278.0,777.0,20.0,21.0,37.0,4.0,2.0,11.0,2.0,0.0,3.0,0.0,0.0,0.0,13.0,5.0
01/22/2022,Watford,Norwich City,0,3,68.5,31.5,4.0,2.0,15.0,7.0,740.0,434.0,565.0,259.0,14.0,16.0,5.0,14.0,5.0,1.0,1.0,1.0,0.0,1.0,1.0,0.0,16.0,11.0
02/10/2022,Aston Villa,Leeds United,3,3,39.5,60.5,4.0,8.0,12.0,16.0,482.0,639.0,302.0,456.0,22.0,3.0,24.0,15.0,6.0,11.0,1.0,2.0,1.0,3.0,1.0,0.0,11.0,9.0
01/19/2022,Brighton and Hove Albion,Chelsea,1,1,0.0,0.0,0.0,0.0,0.0,0.0,0.0,0.0,0.0,0.0,0.0,0.0,0.0,0.0,0.0,0.0,0.0,0.0,0.0,0.0,0.0,0.0,0.0,0.0
02/09/2022,Burnley,Manchester United,1,1,35.9,64.1,3.0,5.0,9.0,22.0,497.0,717.0,288.0,518.0,25.0,15.0,28.0,16.0,2.0,10.0,2.0,1.0,2.0,1.0,0.0,0.0,11.0,10.0
02/10/2022,Norwich City,Crystal Palace,1,1,28.3,71.7,1.0,5.0,5.0,13.0,446.0,849.0,256.0,670.0,15.0,15.0,27.0,8.0,4.0,6.0,1.0,2.0,1.0,2.0,0.0,0.0,11.0,16.0
02/09/2022,West Ham United,Watford,1,0,64.3,35.7,3.0,1.0,9.0,6.0,797.0,527.0,609.0,335.0,16.0,17.0,14.0,28.0,5.0,6.0,3.0,1.0,1.0,0.0,0.0,0.0,1.0,6.0
02/11/2022,Wolverhampton Wanderers,Arsenal,0,1,58.3,41.7,4.0,2.0,15.0,12.0,700.0,554.0,481.0,356.0,12.0,17.0,13.0,35.0,7.0,4.0,1.0,2.0,2.0,3.0,0.0,1.0,12.0,13.0
02/11/2022,Liverpool,Leicester City,2,0,65.0,35.0,11.0,1.0,22.0,5.0,905.0,592.0,665.0,362.0,18.0,23.0,15.0,35.0,7.0,6.0,3.0,4.0,1.0,0.0,0.0,0.0,11.0,7.0
02/10/2022,Manchester City,Brentford,2,0,75.6,24.4,7.0,2.0,15.0,6.0,877.0,383.0,709.0,227.0,7.0,13.0,7.0,30.0,9.0,3.0,2.0,10.0,0.0,0.0,0.0,0.0,7.0,13.0
02/09/2022,Newcastle United,Everton,3,1,39.3,60.7,9.0,3.0,20.0,11.0,509.0,659.0,292.0,454.0,21.0,19.0,12.0,14.0,6.0,2.0,1.0,1.0,2.0,3.0,0.0,0.0,13.0,13.0
02/10/2022,Tottenham Hotspur,Southampton,2,3,47.7,52.3,3.0,10.0,8.0,23.0,635.0,664.0,433.0,472.0,18.0,14.0,29.0,21.0,2.0,8.0,3.0,1.0,2.0,3.0,0.0,0.0,7.0,13.0
02/12/2022,Brentford,Crystal Palace,0,0,42.6,57.4,2.0,3.0,9.0,6.0,592.0,718.0,377.0,504.0,31.0,17.0,25.0,16.0,3.0,9.0,0.0,0.0,1.0,0.0,0.0,0.0,10.0,10.0
02/13/2022,Burnley,Liverpool,0,1,32.6,67.4,5.0,4.0,8.0,12.0,495.0,823.0,303.0,643.0,14.0,11.0,22.0,21.0,5.0,8.0,7.0,3.0,0.0,1.0,0.0,0.0,7.0,6.0
04/21/2022,Chelsea,Arsenal,2,4,68.0,32.0,2.0,4.0,11.0,14.0,879.0,531.0,704.0,332.0,23.0,20.0,5.0,25.0,6.0,1.0,1.0,4.0,3.0,1.0,0.0,0.0,7.0,6.0
02/12/2022,Everton,Leeds United,3,0,41.7,58.3,10.0,0.0,21.0,7.0,567.0,715.0,344.0,467.0,22.0,29.0,15.0,19.0,5.0,3.0,1.0,0.0,1.0,1.0,0.0,0.0,8.0,9.0
02/13/2022,Leicester City,West Ham United,2,2,55.4,44.6,2.0,3.0,13.0,8.0,727.0,603.0,550.0,433.0,21.0,14.0,18.0,15.0,5.0,4.0,0.0,0.0,1.0,2.0,0.0,0.0,10.0,9.0
02/12/2022,Manchester United,Southampton,1,1,52.3,47.7,8.0,4.0,12.0,13.0,646.0,604.0,469.0,430.0,14.0,17.0,13.0,14.0,1.0,4.0,7.0,1.0,4.0,0.0,0.0,0.0,12.0,13.0
02/13/2022,Newcastle United,Aston Villa,1,0,37.0,63.0,2.0,1.0,10.0,11.0,424.0,591.0,249.0,424.0,15.0,14.0,13.0,9.0,3.0,6.0,3.0,2.0,3.0,4.0,0.0,0.0,22.0,15.0
02/12/2022,Norwich City,Manchester City,0,4,28.5,71.5,3.0,9.0,8.0,22.0,436.0,865.0,281.0,707.0,11.0,5.0,29.0,9.0,4.0,12.0,2.0,2.0,0.0,2.0,0.0,0.0,7.0,8.0
02/13/2022,Tottenham Hotspur,Wolverhampton Wanderers,0,2,0.0,0.0,0.0,0.0,0.0,0.0,0.0,0.0,0.0,0.0,0.0,0.0,0.0,0.0,0.0,0.0,0.0,0.0,0.0,0.0,0.0,0.0,0.0,0.0
02/12/2022,Watford,Brighton and Hove Albion,0,2,35.2,64.8,1.0,6.0,9.0,11.0,537.0,794.0,315.0,592.0,18.0,21.0,21.0,17.0,4.0,5.0,1.0,1.0,3.0,2.0,0.0,0.0,16.0,9.0
02/19/2022,Arsenal,Brentford,2,1,66.4,33.6,8.0,2.0,24.0,6.0,757.0,492.0,562.0,294.0,14.0,14.0,7.0,45.0,14.0,0.0,1.0,2.0,1.0,1.0,0.0,0.0,10.0,5.0
02/19/2022,Aston Villa,Watford,0,1,59.6,40.4,1.0,4.0,20.0,8.0,754.0,601.0,550.0,383.0,19.0,17.0,16.0,36.0,10.0,5.0,0.0,0.0,1.0,2.0,0.0,0.0,12.0,7.0
02/19/2022,Brighton and Hove Albion,Burnley,0,3,68.9,31.1,1.0,4.0,11.0,10.0,769.0,425.0,579.0,260.0,13.0,17.0,23.0,19.0,4.0,4.0,1.0,3.0,1.0,4.0,0.0,0.0,12.0,12.0
02/19/2022,Crystal Palace,Chelsea,0,1,42.6,57.4,0.0,3.0,7.0,9.0,574.0,691.0,373.0,518.0,22.0,17.0,18.0,16.0,4.0,4.0,1.0,3.0,1.0,3.0,0.0,0.0,4.0,20.0
02/20/2022,Leeds United,Manchester United,2,4,54.5,45.5,6.0,9.0,16.0,15.0,615.0,540.0,409.0,340.0,24.0,19.0,16.0,12.0,3.0,3.0,4.0,2.0,6.0,3.0,0.0,0.0,13.0,19.0
02/19/2022,Liverpool,Norwich City,3,1,69.4,30.6,8.0,1.0,29.0,6.0,899.0,496.0,697.0,308.0,14.0,19.0,12.0,39.0,8.0,4.0,1.0,5.0,0.0,1.0,0.0,0.0,7.0,8.0
02/19/2022,Manchester City,Tottenham Hotspur,2,3,71.2,28.8,4.0,5.0,21.0,6.0,936.0,483.0,755.0,308.0,13.0,13.0,2.0,37.0,10.0,0.0,1.0,3.0,0.0,3.0,0.0,0.0,5.0,7.0
02/19/2022,Southampton,Everton,2,0,55.8,44.2,11.0,0.0,19.0,9.0,725.0,599.0,506.0,401.0,21.0,20.0,13.0,16.0,4.0,4.0,4.0,2.0,0.0,2.0,0.0,0.0,6.0,9.0
02/19/2022,West Ham United,Newcastle United,1,1,47.0,53.0,3.0,3.0,11.0,14.0,574.0,613.0,388.0,431.0,11.0,12.0,32.0,14.0,3.0,7.0,2.0,1.0,3.0,3.0,0.0,0.0,3.0,7.0
02/20/2022,Wolverhampton Wanderers,Leicester City,2,1,36.3,63.7,3.0,7.0,11.0,17.0,538.0,775.0,320.0,567.0,22.0,22.0,37.0,10.0,7.0,10.0,2.0,2.0,4.0,4.0,0.0,0.0,12.0,9.0
03/17/2022,Arsenal,Liverpool,0,2,48.4,51.6,2.0,3.0,9.0,9.0,694.0,702.0,505.0,528.0,16.0,16.0,17.0,15.0,1.0,6.0,4.0,2.0,0.0,1.0,0.0,0.0,9.0,9.0
02/26/2022,Brentford,Newcastle United,0,2,37.3,62.7,1.0,11.0,6.0,26.0,470.0,697.0,301.0,504.0,9.0,13.0,20.0,26.0,6.0,6.0,0.0,0.0,3.0,1.0,1.0,0.0,9.0,7.0
02/26/2022,Brighton and Hove Albion,Aston Villa,0,2,66.5,33.5,1.0,4.0,12.0,9.0,739.0,473.0,569.0,289.0,17.0,22.0,12.0,24.0,7.0,2.0,0.0,0.0,4.0,5.0,0.0,0.0,17.0,11.0
05/20/2022,Chelsea,Leicester City,1,1,67.2,32.8,7.0,1.0,20.0,2.0,940.0,539.0,750.0,370.0,10.0,18.0,5.0,31.0,6.0,0.0,1.0,1.0,4.0,1.0,0.0,0.0,13.0,7.0
02/26/2022,Crystal Palace,Burnley,1,1,0.0,0.0,0.0,0.0,0.0,0.0,0.0,0.0,0.0,0.0,0.0,0.0,0.0,0.0,0.0,0.0,0.0,0.0,0.0,0.0,0.0,0.0,0.0,0.0
02/26/2022,Everton,Manchester City,0,1,32.6,67.4,2.0,8.0,6.0,13.0,522.0,862.0,320.0,676.0,22.0,17.0,27.0,14.0,3.0,4.0,4.0,2.0,3.0,2.0,0.0,0.0,7.0,14.0
02/26/2022,Leeds United,Tottenham Hotspur,0,4,49.6,50.4,3.0,11.0,19.0,15.0,617.0,663.0,449.0,474.0,17.0,10.0,6.0,24.0,3.0,6.0,0.0,3.0,4.0,2.0,0.0,0.0,16.0,11.0
02/26/2022,Manchester United,Watford,0,0,67.3,32.7,3.0,2.0,22.0,10.0,882.0,545.0,676.0,335.0,20.0,22.0,4.0,28.0,4.0,3.0,2.0,2.0,0.0,0.0,0.0,0.0,2.0,7.0
02/26/2022,Southampton,Norwich City,2,0,58.1,41.9,9.0,1.0,27.0,8.0,714.0,562.0,501.0,360.0,9.0,18.0,16.0,42.0,13.0,6.0,2.0,1.0,1.0,2.0,0.0,0.0,12.0,9.0
02/27/2022,West Ham United,Wolverhampton Wanderers,1,0,39.0,61.0,4.0,1.0,13.0,14.0,581.0,796.0,397.0,635.0,15.0,13.0,28.0,21.0,3.0,5.0,2.0,1.0,1.0,0.0,0.0,0.0,8.0,2.0
03/05/2022,Aston Villa,Southampton,4,0,38.2,61.8,9.0,1.0,14.0,11.0,515.0,740.0,353.0,556.0,14.0,15.0,18.0,7.0,4.0,7.0,0.0,1.0,1.0,1.0,0.0,0.0,10.0,8.0
03/05/2022,Burnley,Chelsea,0,4,27.4,72.6,1.0,5.0,6.0,11.0,452.0,969.0,285.0,790.0,25.0,14.0,13.0,15.0,5.0,2.0,1.0,1.0,2.0,0.0,0.0,0.0,12.0,7.0
03/05/2022,Leicester City,Leeds United,1,0,51.0,49.0,4.0,4.0,7.0,19.0,703.0,684.0,471.0,433.0,23.0,21.0,24.0,20.0,5.0,10.0,2.0,0.0,1.0,2.0,0.0,0.0,9.0,12.0
03/05/2022,Liverpool,West Ham United,1,0,68.7,31.3,5.0,5.0,22.0,13.0,898.0,503.0,715.0,316.0,11.0,16.0,10.0,24.0,4.0,6.0,1.0,4.0,2.0,1.0,0.0,0.0,7.0,7.0
03/06/2022,Manchester City,Manchester United,4,1,69.4,30.6,10.0,2.0,24.0,5.0,928.0,488.0,754.0,331.0,13.0,16.0,8.0,20.0,9.0,3.0,0.0,1.0,0.0,1.0,0.0,0.0,10.0,14.0
03/05/2022,Newcastle United,Brighton and Hove Albion,2,1,32.4,67.6,4.0,4.0,10.0,15.0,482.0,836.0,304.0,634.0,12.0,11.0,29.0,8.0,4.0,7.0,0.0,4.0,1.0,1.0,0.0,0.0,8.0,10.0
03/05/2022,Norwich City,Brentford,1,3,59.6,40.4,7.0,6.0,15.0,10.0,642.0,507.0,457.0,308.0,13.0,15.0,10.0,35.0,5.0,5.0,1.0,3.0,2.0,5.0,0.0,0.0,13.0,18.0
03/08/2022,Tottenham Hotspur,Everton,5,0,55.0,45.0,7.0,0.0,14.0,6.0,840.0,713.0,650.0,530.0,25.0,20.0,17.0,12.0,5.0,2.0,0.0,1.0,2.0,0.0,0.0,0.0,15.0,10.0
03/06/2022,Watford,Arsenal,2,3,43.0,57.0,7.0,4.0,13.0,16.0,629.0,748.0,428.0,556.0,17.0,20.0,17.0,15.0,1.0,5.0,2.0,0.0,1.0,2.0,0.0,0.0,5.0,12.0
03/05/2022,Wolverhampton Wanderers,Crystal Palace,0,2,64.0,36.0,5.0,8.0,12.0,12.0,760.0,528.0,561.0,308.0,20.0,14.0,14.0,30.0,7.0,7.0,1.0,8.0,0.0,3.0,0.0,0.0,13.0,8.0
03/13/2022,Arsenal,Leicester City,2,0,46.0,54.0,8.0,3.0,21.0,6.0,650.0,723.0,481.0,564.0,15.0,17.0,15.0,10.0,2.0,6.0,2.0,0.0,0.0,3.0,0.0,0.0,8.0,10.0
03/12/2022,Brentford,Burnley,2,0,54.9,45.1,4.0,1.0,13.0,7.0,669.0,561.0,475.0,373.0,16.0,15.0,32.0,20.0,2.0,9.0,4.0,4.0,1.0,1.0,0.0,1.0,6.0,10.0
03/12/2022,Brighton and Hove Albion,Liverpool,0,2,51.8,48.2,3.0,9.0,8.0,18.0,627.0,584.0,430.0,401.0,13.0,15.0,19.0,11.0,7.0,5.0,1.0,1.0,3.0,1.0,0.0,0.0,12.0,15.0
03/13/2022,Chelsea,Newcastle United,1,0,72.8,27.2,3.0,2.0,8.0,7.0,749.0,388.0,570.0,209.0,14.0,16.0,13.0,22.0,7.0,2.0,3.0,6.0,4.0,3.0,0.0,0.0,17.0,17.0
03/15/2022,Crystal Palace,Manchester City,0,0,0.0,0.0,0.0,0.0,0.0,0.0,0.0,0.0,0.0,0.0,0.0,0.0,0.0,0.0,0.0,0.0,0.0,0.0,0.0,0.0,0.0,0.0,0.0,0.0
03/13/2022,Everton,Wolverhampton Wanderers,0,1,38.0,62.0,2.0,3.0,7.0,14.0,537.0,784.0,356.0,597.0,22.0,12.0,11.0,19.0,5.0,2.0,7.0,0.0,2.0,1.0,1.0,0.0,13.0,11.0
03/13/2022,Leeds United,Norwich City,2,1,52.5,47.5,7.0,4.0,13.0,12.0,644.0,613.0,421.0,382.0,28.0,12.0,14.0,11.0,6.0,2.0,2.0,3.0,3.0,1.0,0.0,0.0,18.0,8.0
03/12/2022,Manchester United,Tottenham Hotspur,3,2,43.5,56.5,6.0,3.0,10.0,10.0,619.0,749.0,459.0,584.0,13.0,16.0,14.0,3.0,4.0,5.0,0.0,2.0,2.0,1.0,0.0,0.0,8.0,7.0
03/13/2022,Southampton,Watford,1,2,62.5,37.5,7.0,5.0,13.0,9.0,712.0,515.0,498.0,306.0,17.0,18.0,12.0,32.0,11.0,3.0,0.0,0.0,3.0,2.0,0.0,0.0,8.0,12.0
03/13/2022,West Ham United,Aston Villa,2,1,47.1,52.9,4.0,7.0,11.0,13.0,624.0,675.0,443.0,501.0,11.0,17.0,19.0,11.0,5.0,7.0,0.0,0.0,1.0,0.0,0.0,0.0,9.0,3.0
03/19/2022,Aston Villa,Arsenal,0,1,47.0,53.0,1.0,3.0,8.0,10.0,607.0,671.0,441.0,521.0,10.0,13.0,13.0,25.0,6.0,5.0,1.0,1.0,3.0,3.0,0.0,0.0,13.0,14.0
04/22/2022,Burnley,Southampton,2,0,43.0,57.0,6.0,3.0,16.0,11.0,543.0,677.0,354.0,479.0,15.0,15.0,24.0,23.0,10.0,10.0,3.0,2.0,2.0,2.0,0.0,0.0,7.0,7.0
03/20/2022,Leicester City,Brentford,2,1,52.8,47.2,4.0,6.0,12.0,15.0,694.0,630.0,514.0,452.0,14.0,8.0,24.0,9.0,2.0,5.0,2.0,3.0,1.0,2.0,0.0,0.0,10.0,10.0
04/20/2022,Liverpool,Manchester United,4,0,71.6,28.4,5.0,1.0,14.0,2.0,1083.0,503.0,897.0,354.0,15.0,22.0,6.0,16.0,9.0,2.0,3.0,2.0,1.0,2.0,0.0,0.0,3.0,6.0
04/21/2022,Manchester City,Brighton and Hove Albion,3,0,65.1,34.9,5.0,1.0,17.0,2.0,840.0,521.0,667.0,353.0,16.0,20.0,14.0,15.0,7.0,4.0,1.0,2.0,0.0,3.0,0.0,0.0,12.0,7.0
04/21/2022,Newcastle United,Crystal Palace,1,0,36.3,63.7,4.0,2.0,13.0,10.0,547.0,782.0,347.0,589.0,18.0,20.0,22.0,14.0,2.0,5.0,2.0,3.0,1.0,1.0,0.0,0.0,12.0,12.0
03/11/2022,Norwich City,Chelsea,1,3,33.7,66.3,3.0,7.0,8.0,15.0,510.0,867.0,353.0,712.0,16.0,15.0,12.0,17.0,3.0,8.0,2.0,1.0,0.0,2.0,0.0,0.0,8.0,15.0
03/20/2022,Tottenham Hotspur,West Ham United,3,1,52.7,47.3,4.0,1.0,17.0,6.0,730.0,680.0,604.0,544.0,13.0,6.0,8.0,19.0,5.0,3.0,1.0,0.0,0.0,1.0,0.0,0.0,7.0,7.0
05/12/2022,Watford,Everton,0,0,48.2,51.8,0.0,5.0,6.0,16.0,678.0,675.0,470.0,488.0,15.0,25.0,19.0,12.0,1.0,13.0,1.0,1.0,1.0,2.0,0.0,0.0,5.0,12.0
03/19/2022,Wolverhampton Wanderers,Leeds United,2,3,47.8,52.2,8.0,6.0,14.0,15.0,607.0,644.0,414.0,448.0,15.0,26.0,14.0,16.0,2.0,5.0,1.0,3.0,1.0,5.0,1.0,0.0,13.0,14.0
04/02/2022,Brighton and Hove Albion,Norwich City,0,0,63.0,37.0,4.0,0.0,31.0,6.0,695.0,485.0,478.0,288.0,14.0,17.0,12.0,38.0,11.0,2.0,1.0,1.0,1.0,1.0,0.0,0.0,12.0,11.0
04/02/2022,Burnley,Manchester City,0,2,23.3,76.7,1.0,6.0,3.0,18.0,366.0,902.0,235.0,778.0,11.0,7.0,22.0,5.0,1.0,8.0,5.0,0.0,1.0,0.0,0.0,0.0,11.0,6.0
04/02/2022,Chelsea,Brentford,1,4,70.6,29.4,8.0,6.0,21.0,17.0,837.0,444.0,641.0,260.0,9.0,19.0,14.0,34.0,12.0,7.0,0.0,0.0,0.0,0.0,0.0,0.0,11.0,7.0
04/05/2022,Crystal Palace,Arsenal,3,0,31.4,68.6,5.0,3.0,6.0,12.0,468.0,826.0,293.0,647.0,18.0,16.0,16.0,5.0,0.0,2.0,2.0,4.0,0.0,2.0,0.0,0.0,11.0,15.0
04/02/2022,Leeds United,Southampton,1,1,55.8,44.2,3.0,6.0,12.0,14.0,682.0,581.0,470.0,360.0,19.0,9.0,33.0,25.0,4.0,7.0,0.0,0.0,1.0,1.0,0.0,0.0,14.0,7.0
04/02/2022,Liverpool,Watford,2,0,73.1,26.9,3.0,2.0,20.0,5.0,912.0,457.0,716.0,263.0,23.0,23.0,3.0,23.0,9.0,3.0,1.0,3.0,1.0,1.0,0.0,0.0,9.0,8.0
04/02/2022,Manchester United,Leicester City,1,1,53.9,46.1,5.0,3.0,11.0,11.0,742.0,667.0,582.0,495.0,10.0,15.0,12.0,23.0,6.0,5.0,4.0,1.0,2.0,2.0,0.0,0.0,13.0,6.0
04/03/2022,Tottenham Hotspur,Newcastle United,5,1,60.8,39.2,6.0,1.0,19.0,8.0,740.0,526.0,604.0,379.0,17.0,13.0,18.0,17.0,2.0,3.0,0.0,4.0,2.0,3.0,0.0,0.0,10.0,7.0
04/03/2022,West Ham United,Everton,2,1,55.7,44.3,5.0,2.0,11.0,13.0,672.0,574.0,529.0,407.0,11.0,9.0,18.0,16.0,2.0,4.0,1.0,1.0,1.0,2.0,0.0,1.0,9.0,12.0
04/02/2022,Wolverhampton Wanderers,Aston Villa,2,1,48.3,51.7,5.0,5.0,11.0,15.0,607.0,641.0,421.0,441.0,23.0,17.0,19.0,11.0,4.0,9.0,1.0,1.0,4.0,3.0,0.0,0.0,15.0,8.0
04/09/2022,Arsenal,Brighton and Hove Albion,1,2,0.0,0.0,0.0,0.0,0.0,0.0,0.0,0.0,0.0,0.0,0.0,0.0,0.0,0.0,0.0,0.0,0.0,0.0,0.0,0.0,0.0,0.0,0.0,0.0
04/09/2022,Aston Villa,Tottenham Hotspur,0,4,51.5,48.5,8.0,5.0,19.0,11.0,667.0,641.0,477.0,461.0,15.0,20.0,8.0,28.0,9.0,3.0,1.0,2.0,2.0,3.0,0.0,0.0,12.0,14.0
04/10/2022,Brentford,West Ham United,2,0,47.1,52.9,7.0,1.0,15.0,5.0,626.0,709.0,477.0,540.0,11.0,10.0,16.0,33.0,4.0,6.0,1.0,2.0,0.0,1.0,0.0,0.0,2.0,6.0
04/09/2022,Everton,Manchester United,1,0,32.5,67.5,3.0,4.0,7.0,12.0,531.0,858.0,307.0,641.0,18.0,15.0,35.0,14.0,5.0,7.0,1.0,2.0,2.0,2.0,0.0,0.0,4.0,10.0
04/10/2022,Leicester City,Crystal Palace,2,1,50.8,49.2,3.0,3.0,12.0,11.0,690.0,685.0,511.0,495.0,20.0,17.0,10.0,15.0,3.0,4.0,0.0,0.0,1.0,1.0,0.0,0.0,11.0,12.0
04/10/2022,Manchester City,Liverpool,2,2,55.1,44.9,5.0,4.0,11.0,6.0,732.0,637.0,566.0,468.0,17.0,18.0,11.0,18.0,4.0,1.0,5.0,2.0,1.0,4.0,0.0,0.0,9.0,11.0
04/09/2022,Newcastle United,Wolverhampton Wanderers,1,0,0.0,0.0,0.0,0.0,0.0,0.0,0.0,0.0,0.0,0.0,0.0,0.0,0.0,0.0,0.0,0.0,0.0,0.0,0.0,0.0,0.0,0.0,0.0,0.0
04/10/2022,Norwich City,Burnley,2,0,44.9,55.1,6.0,4.0,17.0,18.0,551.0,633.0,352.0,412.0,10.0,23.0,43.0,19.0,6.0,7.0,3.0,3.0,1.0,1.0,0.0,0.0,12.0,10.0
04/09/2022,Southampton,Chelsea,0,6,29.0,71.0,1.0,14.0,4.0,24.0,481.0,929.0,292.0,748.0,18.0,29.0,15.0,14.0,2.0,3.0,0.0,1.0,1.0,0.0,0.0,0.0,11.0,10.0
04/09/2022,Watford,Leeds United,0,3,48.2,51.8,1.0,5.0,8.0,10.0,659.0,650.0,380.0,412.0,21.0,46.0,18.0,19.0,3.0,7.0,3.0,1.0,2.0,0.0,0.0,0.0,8.0,12.0
05/11/2022,Aston Villa,Liverpool,1,2,39.2,60.8,4.0,6.0,9.0,17.0,528.0,702.0,343.0,530.0,12.0,15.0,15.0,13.0,2.0,3.0,3.0,2.0,0.0,0.0,0.0,0.0,10.0,12.0
05/20/2022,Everton,Crystal Palace,3,2,43.2,56.8,6.0,5.0,12.0,7.0,558.0,673.0,347.0,467.0,25.0,20.0,20.0,36.0,4.0,5.0,0.0,3.0,2.0,3.0,0.0,0.0,9.0,12.0
05/12/2022,Leeds United,Chelsea,0,3,0.0,0.0,0.0,0.0,0.0,0.0,0.0,0.0,0.0,0.0,0.0,0.0,0.0,0.0,0.0,0.0,0.0,0.0,0.0,0.0,0.0,0.0,0.0,0.0
04/16/2022,Manchester United,Norwich City,3,2,60.8,39.2,9.0,4.0,20.0,15.0,809.0,569.0,623.0,386.0,16.0,20.0,11.0,18.0,6.0,7.0,3.0,0.0,0.0,0.0,0.0,0.0,8.0,6.0
04/17/2022,Newcastle United,Leicester City,2,1,31.3,68.7,7.0,2.0,16.0,8.0,473.0,782.0,264.0,584.0,26.0,22.0,18.0,12.0,3.0,5.0,1.0,0.0,2.0,2.0,0.0,0.0,10.0,10.0
04/16/2022,Southampton,Arsenal,1,0,24.3,75.7,3.0,6.0,9.0,23.0,395.0,860.0,213.0,655.0,14.0,12.0,36.0,20.0,6.0,8.0,2.0,0.0,2.0,1.0,0.0,0.0,6.0,6.0
04/16/2022,Tottenham Hotspur,Brighton and Hove Albion,0,1,48.6,51.4,0.0,5.0,5.0,12.0,637.0,668.0,480.0,499.0,15.0,17.0,16.0,12.0,4.0,4.0,0.0,3.0,3.0,3.0,0.0,0.0,14.0,10.0
04/16/2022,Watford,Brentford,1,2,50.8,49.2,4.0,5.0,18.0,16.0,606.0,594.0,395.0,382.0,13.0,22.0,20.0,15.0,6.0,5.0,1.0,0.0,2.0,1.0,0.0,0.0,11.0,9.0
04/17/2022,West Ham United,Burnley,1,1,61.0,39.0,8.0,1.0,21.0,9.0,700.0,491.0,505.0,325.0,6.0,11.0,23.0,25.0,13.0,4.0,1.0,1.0,2.0,2.0,0.0,0.0,9.0,11.0
05/12/2022,Wolverhampton Wanderers,Manchester City,1,5,33.7,66.3,3.0,5.0,7.0,15.0,539.0,929.0,383.0,787.0,16.0,22.0,12.0,10.0,6.0,2.0,2.0,3.0,0.0,1.0,0.0,0.0,2.0,11.0
04/23/2022,Arsenal,Manchester United,3,1,54.9,45.1,7.0,5.0,14.0,14.0,656.0,567.0,507.0,412.0,10.0,13.0,16.0,17.0,1.0,7.0,2.0,2.0,3.0,4.0,0.0,0.0,9.0,12.0
04/23/2022,Brentford,Tottenham Hotspur,0,0,44.0,56.0,2.0,0.0,15.0,9.0,569.0,716.0,393.0,508.0,12.0,11.0,23.0,33.0,12.0,8.0,1.0,1.0,2.0,1.0,0.0,0.0,8.0,7.0
04/24/2022,Brighton and Hove Albion,Southampton,2,2,48.8,51.2,5.0,5.0,8.0,18.0,562.0,597.0,352.0,366.0,17.0,13.0,29.0,22.0,6.0,6.0,2.0,3.0,1.0,0.0,0.0,0.0,12.0,7.0
04/24/2022,Burnley,Wolverhampton Wanderers,1,0,35.9,64.1,5.0,4.0,14.0,10.0,530.0,794.0,324.0,590.0,20.0,28.0,16.0,15.0,3.0,6.0,5.0,2.0,3.0,1.0,0.0,0.0,8.0,7.0
04/24/2022,Chelsea,West Ham United,1,0,66.6,33.4,5.0,2.0,26.0,6.0,898.0,523.0,710.0,354.0,11.0,14.0,7.0,25.0,3.0,1.0,2.0,2.0,1.0,0.0,0.0,1.0,11.0,9.0
04/26/2022,Crystal Palace,Leeds United,0,0,52.5,47.5,7.0,2.0,17.0,9.0,674.0,616.0,432.0,392.0,13.0,29.0,8.0,25.0,6.0,3.0,1.0,1.0,2.0,2.0,0.0,0.0,12.0,13.0
04/23/2022,Leicester City,Aston Villa,0,0,64.1,35.9,2.0,3.0,5.0,11.0,706.0,463.0,520.0,289.0,13.0,15.0,10.0,23.0,7.0,6.0,0.0,1.0,3.0,2.0,0.0,0.0,15.0,16.0
04/24/2022,Liverpool,Everton,2,0,82.4,17.6,4.0,1.0,18.0,9.0,993.0,381.0,787.0,173.0,15.0,20.0,7.0,37.0,13.0,1.0,1.0,0.0,2.0,5.0,0.0,0.0,8.0,8.0
04/23/2022,Manchester City,Watford,5,1,74.0,26.0,8.0,2.0,21.0,5.0,874.0,428.0,701.0,247.0,25.0,11.0,12.0,30.0,11.0,4.0,0.0,2.0,1.0,0.0,0.0,0.0,9.0,7.0
04/23/2022,Norwich City,Newcastle United,0,3,45.4,54.6,2.0,7.0,5.0,13.0,594.0,702.0,417.0,506.0,20.0,15.0,12.0,17.0,2.0,3.0,1.0,0.0,0.0,2.0,0.0,0.0,11.0,10.0
04/30/2022,Aston Villa,Norwich City,2,0,45.1,54.9,6.0,3.0,21.0,9.0,582.0,685.0,398.0,491.0,26.0,12.0,12.0,8.0,2.0,3.0,3.0,0.0,4.0,1.0,0.0,0.0,16.0,8.0
05/01/2022,Everton,Chelsea,1,0,21.7,78.3,4.0,5.0,9.0,17.0,393.0,918.0,197.0,720.0,13.0,18.0,24.0,17.0,3.0,8.0,0.0,2.0,3.0,5.0,0.0,0.0,9.0,12.0
04/30/2022,Leeds United,Manchester City,0,4,40.9,59.1,2.0,6.0,7.0,19.0,599.0,843.0,421.0,617.0,29.0,9.0,12.0,22.0,3.0,6.0,3.0,1.0,1.0,2.0,0.0,0.0,13.0,3.0
05/03/2022,Manchester United,Brentford,3,0,64.1,35.9,5.0,4.0,9.0,12.0,872.0,517.0,714.0,376.0,11.0,9.0,35.0,5.0,3.0,8.0,3.0,2.0,1.0,0.0,0.0,0.0,4.0,6.0
04/30/2022,Newcastle United,Liverpool,0,1,33.9,66.1,2.0,10.0,4.0,24.0,467.0,718.0,274.0,528.0,19.0,15.0,21.0,15.0,0.0,6.0,9.0,1.0,1.0,3.0,0.0,0.0,11.0,11.0
04/30/2022,Southampton,Crystal Palace,1,2,38.3,61.7,3.0,5.0,8.0,14.0,512.0,755.0,326.0,529.0,23.0,8.0,23.0,29.0,6.0,7.0,0.0,4.0,1.0,3.0,0.0,0.0,13.0,11.0
05/01/2022,Tottenham Hotspur,Leicester City,3,1,39.3,60.7,7.0,2.0,13.0,6.0,594.0,816.0,404.0,627.0,20.0,16.0,22.0,10.0,6.0,3.0,2.0,0.0,2.0,3.0,0.0,0.0,13.0,8.0
04/30/2022,Watford,Burnley,1,2,46.5,53.5,1.0,6.0,13.0,17.0,564.0,596.0,334.0,396.0,16.0,16.0,29.0,25.0,5.0,6.0,1.0,0.0,1.0,2.0,0.0,0.0,13.0,9.0
05/01/2022,West Ham United,Arsenal,1,2,56.6,43.4,3.0,7.0,8.0,13.0,742.0,619.0,586.0,454.0,11.0,16.0,8.0,26.0,3.0,7.0,1.0,0.0,2.0,2.0,0.0,0.0,7.0,9.0
04/30/2022,Wolverhampton Wanderers,Brighton and Hove Albion,0,3,49.2,50.8,1.0,9.0,11.0,17.0,629.0,665.0,458.0,479.0,19.0,22.0,11.0,10.0,7.0,3.0,1.0,1.0,2.0,1.0,0.0,0.0,6.0,4.0
05/08/2022,Arsenal,Leeds United,2,1,63.2,36.8,9.0,2.0,19.0,3.0,820.0,517.0,621.0,364.0,16.0,24.0,9.0,24.0,8.0,2.0,1.0,0.0,2.0,2.0,0.0,1.0,13.0,15.0
05/07/2022,Brentford,Southampton,3,0,40.4,59.6,5.0,4.0,18.0,19.0,519.0,654.0,321.0,470.0,10.0,17.0,26.0,16.0,4.0,7.0,0.0,2.0,0.0,1.0,0.0,0.0,12.0,9.0
05/07/2022,Brighton and Hove Albion,Manchester United,4,0,42.0,58.0,6.0,5.0,17.0,15.0,555.0,707.0,373.0,526.0,11.0,13.0,18.0,31.0,7.0,6.0,3.0,3.0,0.0,2.0,0.0,0.0,13.0,9.0
05/07/2022,Burnley,Aston Villa,1,3,49.0,51.0,6.0,7.0,14.0,12.0,593.0,630.0,424.0,446.0,16.0,13.0,10.0,16.0,4.0,5.0,1.0,2.0,1.0,2.0,0.0,0.0,13.0,11.0
05/07/2022,Chelsea,Wolverhampton Wanderers,2,2,59.3,40.7,6.0,4.0,19.0,14.0,676.0,528.0,493.0,332.0,20.0,18.0,16.0,28.0,9.0,3.0,2.0,1.0,1.0,3.0,0.0,0.0,7.0,11.0
05/07/2022,Crystal Palace,Watford,1,0,67.7,32.3,7.0,1.0,15.0,6.0,718.0,418.0,533.0,248.0,11.0,16.0,10.0,21.0,8.0,5.0,2.0,0.0,2.0,1.0,0.0,1.0,11.0,18.0
05/08/2022,Leicester City,Everton,1,2,66.0,34.0,9.0,4.0,16.0,10.0,804.0,511.0,631.0,332.0,16.0,13.0,7.0,23.0,6.0,1.0,2.0,0.0,3.0,0.0,0.0,0.0,11.0,6.0
05/08/2022,Liverpool,Tottenham Hotspur,1,1,64.9,35.1,3.0,3.0,22.0,8.0,833.0,574.0,618.0,338.0,19.0,20.0,12.0,51.0,11.0,5.0,0.0,0.0,3.0,2.0,0.0,0.0,12.0,8.0
05/08/2022,Manchester City,Newcastle United,5,0,71.4,28.6,9.0,3.0,21.0,7.0,867.0,424.0,712.0,281.0,8.0,19.0,10.0,21.0,8.0,2.0,1.0,4.0,1.0,3.0,0.0,0.0,6.0,11.0
05/08/2022,Norwich City,West Ham United,0,4,36.5,63.5,2.0,5.0,8.0,13.0,530.0,832.0,384.0,679.0,12.0,12.0,20.0,15.0,9.0,5.0,2.0,3.0,1.0,1.0,0.0,0.0,7.0,7.0
05/15/2022,Aston Villa,Crystal Palace,1,1,48.4,51.6,4.0,4.0,13.0,16.0,655.0,681.0,464.0,486.0,20.0,12.0,18.0,13.0,1.0,5.0,1.0,0.0,1.0,3.0,0.0,0.0,11.0,15.0
05/15/2022,Everton,Brentford,2,3,27.5,72.5,5.0,7.0,10.0,18.0,375.0,752.0,212.0,586.0,5.0,14.0,23.0,9.0,5.0,2.0,2.0,1.0,0.0,3.0,2.0,0.0,8.0,8.0
05/15/2022,Leeds United,Brighton and Hove Albion,1,1,50.3,49.7,5.0,6.0,19.0,15.0,578.0,617.0,394.0,403.0,13.0,13.0,7.0,24.0,8.0,1.0,1.0,1.0,3.0,2.0,0.0,0.0,16.0,8.0
04/29/2022,Manchester United,Chelsea,1,1,35.2,64.8,3.0,6.0,6.0,21.0,520.0,812.0,345.0,628.0,16.0,12.0,30.0,13.0,2.0,9.0,2.0,3.0,0.0,1.0,0.0,0.0,9.0,12.0
05/17/2022,Newcastle United,Arsenal,2,0,50.6,49.4,4.0,2.0,16.0,11.0,526.0,497.0,325.0,331.0,18.0,15.0,17.0,27.0,12.0,8.0,6.0,1.0,0.0,3.0,0.0,0.0,11.0,8.0
05/18/2022,Southampton,Liverpool,1,2,29.1,70.9,2.0,5.0,4.0,24.0,496.0,938.0,300.0,734.0,15.0,18.0,39.0,12.0,1.0,9.0,0.0,2.0,2.0,0.0,0.0,0.0,6.0,6.0
05/15/2022,Tottenham Hotspur,Burnley,1,0,68.3,31.7,8.0,1.0,21.0,8.0,823.0,467.0,647.0,299.0,9.0,17.0,16.0,25.0,8.0,2.0,1.0,2.0,3.0,2.0,0.0,0.0,12.0,8.0
05/15/2022,Watford,Leicester City,1,5,40.5,59.5,5.0,7.0,13.0,13.0,537.0,716.0,351.0,526.0,19.0,26.0,10.0,19.0,7.0,3.0,3.0,2.0,0.0,1.0,0.0,0.0,4.0,6.0
05/15/2022,West Ham United,Manchester City,2,2,21.8,78.2,2.0,8.0,6.0,31.0,371.0,876.0,189.0,697.0,11.0,10.0,40.0,10.0,4.0,9.0,1.0,0.0,3.0,1.0,0.0,0.0,9.0,5.0
05/15/2022,Wolverhampton Wanderers,Norwich City,1,1,64.0,36.0,4.0,2.0,17.0,11.0,802.0,500.0,613.0,350.0,8.0,24.0,10.0,23.0,5.0,3.0,0.0,0.0,0.0,3.0,0.0,0.0,5.0,10.0
05/22/2022,Arsenal,Everton,5,1,73.7,26.3,9.0,2.0,26.0,6.0,818.0,388.0,647.0,234.0,12.0,21.0,12.0,30.0,12.0,2.0,2.0,0.0,0.0,1.0,0.0,0.0,8.0,9.0
05/22/2022,Brentford,Leeds United,1,2,0.0,0.0,0.0,0.0,0.0,0.0,0.0,0.0,0.0,0.0,0.0,0.0,0.0,0.0,0.0,0.0,0.0,0.0,0.0,0.0,0.0,0.0,0.0,0.0
05/22/2022,Brighton and Hove Albion,West Ham United,3,1,0.0,0.0,0.0,0.0,0.0,0.0,0.0,0.0,0.0,0.0,0.0,0.0,0.0,0.0,0.0,0.0,0.0,0.0,0.0,0.0,0.0,0.0,0.0,0.0
05/22/2022,Burnley,Newcastle United,1,2,0.0,0.0,0.0,0.0,0.0,0.0,0.0,0.0,0.0,0.0,0.0,0.0,0.0,0.0,0.0,0.0,0.0,0.0,0.0,0.0,0.0,0.0,0.0,0.0
05/22/2022,Chelsea,Watford,2,1,71.7,28.3,8.0,3.0,19.0,8.0,930.0,460.0,734.0,281.0,32.0,25.0,12.0,16.0,3.0,3.0,0.0,2.0,0.0,0.0,0.0,0.0,9.0,9.0
05/22/2022,Crystal Palace,Manchester United,1,0,38.4,61.6,3.0,4.0,6.0,10.0,518.0,712.0,327.0,526.0,8.0,17.0,20.0,11.0,3.0,6.0,2.0,4.0,2.0,4.0,0.0,0.0,12.0,22.0
05/22/2022,Leicester City,Southampton,4,1,50.9,49.1,6.0,2.0,12.0,7.0,614.0,598.0,448.0,425.0,20.0,17.0,14.0,9.0,3.0,3.0,1.0,3.0,0.0,1.0,0.0,0.0,10.0,5.0
05/22/2022,Liverpool,Wolverhampton Wanderers,3,1,62.9,37.1,8.0,5.0,29.0,7.0,867.0,600.0,669.0,400.0,21.0,18.0,7.0,31.0,5.0,3.0,3.0,1.0,1.0,0.0,0.0,0.0,6.0,3.0
05/22/2022,Manchester City,Aston Villa,3,2,71.5,28.5,5.0,2.0,24.0,4.0,797.0,412.0,601.0,243.0,11.0,17.0,9.0,30.0,13.0,1.0,1.0,2.0,0.0,2.0,0.0,0.0,5.0,11.0
05/22/2022,Norwich City,Tottenham Hotspur,0,5,40.4,59.6,0.0,13.0,9.0,19.0,532.0,761.0,402.0,614.0,14.0,8.0,7.0,12.0,3.0,2.0,0.0,4.0,3.0,1.0,0.0,0.0,13.0,7.0
01/22/2022,Brentford,Wolverhampton Wanderers,1,2,49.5,50.5,1.0,2.0,11.0,7.0,640.0,682.0,455.0,477.0,16.0,22.0,14.0,34.0,6.0,3.0,0.0,4.0,2.0,3.0,0.0,1.0,6.0,7.0
